fuel_consumption_km_l,traccion,transmision,horsepower,fuel_type,displacement,gears,engine_type,torque,turbo,brand,age
7.0,4x2,Automático,449,Estándar,3.0,7.0,Combustión,516,Sí,Mercedes Benz,9
10.0,4x4,Automático,310,Estándar,3.0,8.0,Combustión,325,Sí,Audi,7
11.0,4x4,Automático,300,Estándar,2.0,8.0,Combustión,295,Sí,Jaguar Xe,6
17.0,4x2,Automático,150,Estándar,1.4,7.0,Combustión,148,Sí,Seat,6
12.0,4x4,Automático,320,Gasolina,2.0,8.0,Combustión,295,Sí,Volvo,7
9.0,4x4,Automático,302,Gasolina,3.5,7.0,Combustión,273,No,Mercedes Benz,11
8.0,4x4,Automático,328,Gasolina,3.0,7.0,Combustión,354,Sí,Mercedes Benz,8
13.0,4x2,Automático,190,Gasolina,2.0,8.0,Combustión,221,Sí,Volvo,5
9.0,4x2,Automático,247,Gasolina,2.0,10.0,Combustión,273,Sí,Honda,7
12.0,4x4,Automático,224,Gasolina,2.0,8.0,Combustión,258,Sí,Mercedes Benz,5
9.0,4x2,Automático,330,Estándar,3.7,7.0,Combustión,270,No,Infiniti,9
7.0,4x4,Automático,449,Estándar,3.5,9.0,Combustión,516,Sí,Mercedes Benz,7
14.0,4x4,Automático,181,Gasolina,1.5,8.0,Combustión,190,Sí,Ford,4
9.0,4x2,Automático,315,Gasolina,2.7,6.0,Combustión,350,Sí,Ford,8
9.0,4x4,Automático,310,Gasolina,3.6,6.0,Combustión,271,No,Gmc,8
10.0,4x4,Automático,242,Gasolina,2.0,9.0,Combustión,273,Sí,Mercedes Benz,6
9.0,4x4,Automático,271,Gasolina,3.2,9.0,Combustión,239,No,Jeep,10
12.0,4x2,Automático,272,Estándar,2.0,8.0,Combustión,260,Sí,Cadillac,9
9.0,4x2,Automático,240,Gasolina,2.0,6.0,Combustión,270,Sí,Ford,8
13.0,4x2,Automático,138,Gasolina,1.4,6.0,Combustión,148,Sí,Buick,8
11.0,4x4,Automático,248,Gasolina,2.0,7.0,Combustión,273,Sí,Audi,7
15.0,4x2,Automático,138,Gasolina,1.4,6.0,Combustión,162,Sí,Suzuki,7
13.0,4x2,Automático,192,Gasolina,2.0,7.0,Combustión,206,Sí,Mini,4
17.0,4x2,Automático,148,Gasolina,1.4,7.0,Combustión,184,Sí,Volkswagen,7
9.0,4x4,Automático,328,Estándar,3.0,7.0,Combustión,325,Sí,Audi,9
5.0,4x4,Automático,450,Gasolina,4.8,8.0,Combustión,479,Sí,Bmw,9
10.0,4x4,Automático,302,Gasolina,3.0,8.0,Combustión,295,Sí,Bmw,10
11.0,4x2,Automático,231,Gasolina,2.0,6.0,Combustión,207,Sí,Mini,8
9.0,4x2,Automático,208,Gasolina,2.0,7.0,Combustión,258,Sí,Mercedes Benz,8
10.0,4x4,Automático,302,Gasolina,3.0,8.0,Combustión,295,Sí,Bmw,8
17.0,4x2,Automático,150,Estándar,1.4,8.0,Combustión,184,Sí,Seat,5
9.0,4x2,Automático,208,Gasolina,2.0,7.0,Combustión,258,Sí,Mercedes Benz,10
13.0,4x2,Automático,184,Estándar,2.0,8.0,Híbrido,310,Sí,Bmw,7
6.0,4x4,Automático,520,Estándar,4.8,8.0,Combustión,516,Sí,Porsche,10
9.0,4x4,Automático,290,Gasolina,3.5,6.0,Combustión,255,No,Ford,8
13.0,4x2,Automático,192,Gasolina,2.0,8.0,Combustión,207,Sí,Mini,6
12.0,4x4,Automático,178,Gasolina,2.0,7.0,Combustión,236,Sí,Volkswagen,7
9.0,4x2,Manual,150,Gasolina,1.4,6.0,Combustión,184,Sí,Seat,5
9.0,4x2,Automático,273,Gasolina,3.7,6.0,Combustión,270,No,Mazda,10
13.0,4x2,Automático,192,Gasolina,2.0,7.0,Combustión,206,Sí,Mini,5
10.0,4x4,Automático,250,Gasolina,2.5,6.0,Combustión,310,Sí,Mazda,7
6.0,4x4,Automático,290,Gasolina,3.7,9.0,Combustión,267,No,Acura,8
9.0,4x2,Automático,186,Gasolina,2.5,6.0,Combustión,186,No,Mazda,3
10.0,4x2,Automático,163,Gasolina,1.6,6.0,Combustión,177,Sí,Peugeot,5
7.0,4x4,Automático,252,Gasolina,2.0,8.0,Combustión,258,Sí,Bmw,5
14.0,4x2,Automático,110,Gasolina,1.6,6.0,Combustión,114,No,Seat,4
14.0,4x2,Automático,148,Estándar,1.4,6.0,Combustión,177,Sí,Volkswagen,8
14.0,4x2,Automático,148,Gasolina,1.4,6.0,Combustión,177,Sí,Volkswagen,8
9.0,4x2,Automático,188,Gasolina,2.5,6.0,Combustión,184,No,Mazda,8
14.0,4x2,Manual,145,Gasolina,1.8,6.0,Combustión,145,No,Nissan,4
9.0,4x2,Automático,266,Estándar,3.5,6.0,Combustión,245,No,Toyota,10
12.0,4x2,Automático,181,Gasolina,2.4,6.0,Combustión,175,No,Kia,9
14.0,4x2,Automático,252,Híbrido,2.0,8.0,Híbrido,310,Sí,Bmw,5
9.0,4x2,Automático,181,Gasolina,2.0,7.0,Combustión,221,Sí,Mercedes Benz,10
9.0,4x2,Automático,271,Gasolina,3.2,9.0,Combustión,239,No,Jeep,6
12.0,4x4,Automático,252,Gasolina,2.5,7.0,Combustión,273,Sí,Audi,7
14.0,4x2,Automático,148,Estándar,1.4,6.0,Combustión,184,Sí,Volkswagen,6
14.0,4x2,Automático,181,Híbrido,1.5,9.0,Mild Hybrid,207,Sí,Mercedes Benz,6
16.0,4x2,Automático,150,Gasolina,1.5,7.0,Combustión,184,Sí,Audi,5
12.0,4x4,Automático,180,Gasolina,2.0,7.0,Combustión,236,Sí,Volkswagen,4
8.0,4x2,Automático,460,Estándar,5.0,10.0,Combustión,420,No,Ford,5
14.0,4x2,Automático,150,Gasolina,1.4,6.0,Combustión,184,Sí,Volkswagen,5
9.0,4x4,Automático,240,Gasolina,2.0,6.0,Combustión,270,Sí,Lincoln,7
13.0,4x2,Automático,136,Gasolina,2.0,6.0,Combustión,162,Sí,Mini,5
8.0,4x2,Automático,305,Estándar,3.6,9.0,Combustión,259,No,Chevrolet,7
11.0,4x4,Automático,248,Gasolina,2.0,7.0,Combustión,273,Sí,Audi,6
11.0,4x2,Automático,130,Gasolina,1.2,6.0,Combustión,170,Sí,Peugeot,3
14.0,4x2,Automático,158,Gasolina,1.4,6.0,Combustión,177,Sí,Volkswagen,9
11.0,4x2,Automático,245,Gasolina,2.0,6.0,Combustión,260,Sí,Kia,7
11.0,4x2,Automático,190,Estándar,2.0,7.0,Combustión,236,Sí,Audi,8
15.0,4x2,Automático,156,Estándar,1.6,7.0,Combustión,184,Sí,Mercedes Benz,7
9.0,4x2,Automático,290,Gasolina,3.6,8.0,Combustión,260,No,Jeep,11
15.0,4x2,Automático,190,Gasolina,2.0,7.0,Combustión,236,Sí,Audi,6
10.0,4x2,Automático,254,Gasolina,2.0,9.0,Combustión,273,Sí,Mercedes Benz,6
17.0,4x2,Automático,150,Gasolina,1.4,8.0,Combustión,184,Sí,Seat,4
16.0,4x2,Automático,153,Gasolina,1.4,6.0,Combustión,177,Sí,Chevrolet,8
9.0,4x4,Automático,250,Gasolina,2.5,6.0,Combustión,310,Sí,Mazda,7
12.0,4x2,Automático,252,Gasolina,2.0,8.0,Combustión,258,Sí,Bmw,7
13.0,4x2,Automático,136,Gasolina,2.0,6.0,Combustión,162,Sí,Mini,6
10.0,4x2,Automático,290,Gasolina,3.3,6.0,Combustión,252,No,Hyundai,7
14.0,4x2,Automático,181,Gasolina,2.4,6.0,Combustión,175,No,Hyundai,5
15.0,4x2,Automático,148,Estándar,1.4,6.0,Combustión,184,Sí,Volkswagen,6
9.0,4x2,Automático,301,Estándar,3.6,6.0,Combustión,272,No,Gmc,8
10.0,4x4,Automático,226,Gasolina,2.0,6.0,Combustión,266,Sí,Mg,4
12.0,4x2,Automático,181,Estándar,2.0,8.0,Combustión,199,Sí,Bmw,8
12.0,4x4,Automático,211,Estándar,2.0,7.0,Combustión,258,Sí,Mercedes Benz,6
12.0,4x2,Automático,153,Gasolina,2.0,6.0,Combustión,142,No,Kia,7
9.0,4x2,Automático,181,Estándar,2.0,7.0,Combustión,221,Sí,Mercedes Benz,7
10.0,4x4,Automático,226,Gasolina,2.0,6.0,Combustión,266,Sí,Mg,3
7.0,4x4,Automático,240,Gasolina,2.0,6.0,Combustión,250,Sí,Land Rover,10
14.0,4x2,Automático,121,Gasolina,1.6,6.0,Combustión,111,No,Hyundai,8
12.0,4x2,Automático,181,Estándar,2.0,8.0,Combustión,214,Sí,Bmw,6
16.0,4x2,Automático,118,Gasolina,1.6,6.0,Combustión,115,No,Suzuki,9
12.0,4x4,Automático,252,Gasolina,2.0,7.0,Combustión,273,Sí,Audi,7
9.0,4x2,Automático,186,Gasolina,2.5,6.0,Combustión,186,No,Mazda,5
11.0,4x2,Automático,189,Gasolina,2.0,7.0,Combustión,207,Sí,Bmw,6
13.0,4x2,Automático,138,Gasolina,1.4,6.0,Combustión,148,Sí,Buick,10
9.0,4x2,Automático,290,Gasolina,3.3,6.0,Combustión,252,No,Kia,8
15.0,4x2,Automático,108,Gasolina,1.2,6.0,Combustión,151,Sí,Peugeot,5
9.0,4x2,Automático,181,Gasolina,1.8,7.0,Combustión,199,Sí,Mercedes Benz,11
12.0,4x2,Automático,249,Estándar,2.0,8.0,Combustión,258,Sí,Bmw,9
16.0,4x2,Automático,118,Gasolina,1.6,6.0,Combustión,115,No,Suzuki,3
13.0,4x2,Manual,147,Estándar,2.0,6.0,Combustión,132,No,Kia,7
15.0,4x2,Automático,156,Gasolina,1.6,7.0,Combustión,184,Sí,Mercedes Benz,10
12.0,4x2,Automático,130,Gasolina,1.8,6.0,Combustión,134,No,Jeep,5
15.0,4x2,Automático,190,Estándar,2.0,7.0,Combustión,236,Sí,Audi,8
8.0,4x4,Automático,327,Estándar,3.7,7.0,Combustión,267,No,Infiniti,8
9.0,4x2,Automático,290,Gasolina,3.3,8.0,Combustión,252,No,Kia,6
14.0,4x2,Automático,192,Gasolina,2.0,7.0,Combustión,206,Sí,Bmw,5
16.0,4x2,Automático,118,Gasolina,1.6,6.0,Combustión,115,No,Suzuki,7
13.0,4x2,Automático,154,Estándar,1.6,7.0,Combustión,184,Sí,Mercedes Benz,10
9.0,4x2,Automático,184,Gasolina,2.4,9.0,Combustión,171,No,Jeep,11
17.0,4x2,Automático,150,Estándar,1.4,7.0,Combustión,184,Sí,Seat,5
15.0,4x2,Automático,156,Estándar,1.6,7.0,Combustión,184,Sí,Mercedes Benz,6
15.0,4x2,Automático,148,Gasolina,1.4,6.0,Combustión,184,Sí,Volkswagen,6
8.0,4x4,Automático,279,Estándar,2.5,6.0,Combustión,252,No,Acura,8
15.0,4x2,Manual,170,Gasolina,1.4,6.0,Combustión,184,Sí,Alfa Romeo,6
9.0,4x2,Automático,290,Gasolina,3.6,8.0,Combustión,260,No,Jeep,9
16.0,4x2,Manual,125,Estándar,1.4,6.0,Combustión,148,Sí,Seat,6
12.0,4x2,Automático,131,Gasolina,2.0,4.0,Combustión,142,No,Renault,7
10.0,4x2,Automático,188,Gasolina,2.5,6.0,Combustión,185,No,Mazda,7
12.0,4x4,Automático,170,Gasolina,2.0,7.0,Combustión,153,Sí,Audi,12
9.0,4x2,Automático,170,Gasolina,1.5,6.0,Combustión,203,Sí,Chevrolet,5
7.0,4x4,Automático,242,Gasolina,2.0,8.0,Combustión,285,Sí,Bmw,11
19.0,4x2,Manual,110,Gasolina,1.0,5.0,Combustión,125,Sí,Suzuki,5
17.0,4x2,Automático,138,Gasolina,1.4,7.0,Combustión,184,Sí,Volkswagen,10
9.0,4x2,Automático,281,Gasolina,3.6,6.0,Combustión,266,No,Chevrolet,11
9.0,4x2,Automático,268,Gasolina,3.5,6.0,Combustión,248,No,Toyota,8
11.0,4x2,Automático,242,Gasolina,2.0,8.0,Combustión,258,Sí,Bmw,8
15.0,4x2,Automático,110,Gasolina,1.6,6.0,Combustión,114,No,Seat,5
15.0,4x2,Automático,156,Gasolina,1.6,7.0,Combustión,184,Sí,Mercedes Benz,11
12.0,4x2,Automático,180,Gasolina,2.4,6.0,Combustión,175,No,Jeep,5
13.0,4x2,Automático,192,Gasolina,2.0,8.0,Combustión,207,Sí,Mini,7
15.0,4x2,Automático,125,Gasolina,1.4,7.0,Combustión,148,Sí,Audi,8
13.0,4x2,Automático,197,Gasolina,2.5,6.0,Combustión,191,No,Chevrolet,12
14.0,4x2,Automático,110,Gasolina,1.6,6.0,Combustión,114,No,Volkswagen,4
17.0,4x2,Automático,147,Gasolina,2.0,6.0,Combustión,132,No,Hyundai,8
15.0,4x2,Automático,140,Gasolina,1.8,6.0,Combustión,129,No,Chevrolet,6
14.0,4x2,Automático,110,Estándar,1.6,6.0,Combustión,114,No,Seat,5
8.0,4x2,Automático,283,Gasolina,3.6,6.0,Combustión,260,No,Dodge,7
14.0,4x2,Automático,150,Gasolina,1.4,8.0,Combustión,184,Sí,Audi,3
15.0,4x2,Manual,110,Gasolina,1.6,5.0,Combustión,114,No,Seat,6
8.0,4x2,Manual,188,Gasolina,2.5,6.0,Combustión,184,No,Mazda,7
14.0,4x2,Automático,155,Gasolina,2.0,6.0,Combustión,143,No,Hyundai,7
12.0,4x2,Automático,130,Gasolina,1.8,6.0,Combustión,134,No,Jeep,6
8.0,4x2,Automático,355,Estándar,5.3,6.0,Combustión,383,No,Chevrolet,9
7.0,4x4,Automático,403,Estándar,6.2,6.0,Combustión,417,No,Gmc,12
13.0,4x2,Manual,188,Gasolina,1.6,6.0,Combustión,177,Sí,Nissan,6
12.0,4x2,Automático,113,Estándar,1.6,5.0,Combustión,117,No,Fiat,6
9.0,4x2,Automático,290,Estándar,3.6,5.0,Combustión,260,No,Jeep,14
12.0,4x2,Automático,130,Gasolina,1.8,6.0,Combustión,134,No,Jeep,3
9.0,4x2,Automático,300,Estándar,4.8,6.0,Combustión,295,No,Porsche,11
15.0,4x2,Manual,197,Gasolina,1.6,6.0,Combustión,202,Sí,Ford,6
14.0,4x2,Manual,150,Gasolina,2.0,6.0,Combustión,142,No,Kia,7
13.0,4x2,Automático,150,Gasolina,2.0,6.0,Combustión,141,No,Kia,8
9.0,4x2,Automático,104,Gasolina,1.6,6.0,Combustión,113,No,Volkswagen,7
9.0,4x2,Automático,186,Gasolina,2.5,6.0,Combustión,186,No,Mazda,4
12.0,4x2,Automático,172,Estándar,2.4,6.0,Combustión,165,No,Jeep,9
13.0,4x2,Automático,115,Estándar,1.6,6.0,Combustión,114,No,Chevrolet,10
11.0,4x2,Automático,168,Gasolina,2.5,6.0,Combustión,177,No,Volkswagen,8
9.0,4x2,Automático,168,Estándar,2.5,6.0,Combustión,170,No,Ford,8
14.0,4x2,Manual,105,Estándar,1.6,5.0,Combustión,113,No,Volkswagen,5
13.0,4x2,Automático,192,Estándar,2.0,6.0,Combustión,207,Sí,Mini,9
15.0,4x2,Automático,148,Gasolina,2.0,6.0,Combustión,141,No,Mazda,8
14.0,4x2,Automático,188,Estándar,2.5,6.0,Combustión,186,No,Mazda,6
13.0,4x2,Automático,115,Gasolina,1.6,6.0,Combustión,114,No,Chevrolet,9
15.0,4x2,Automático,110,Estándar,1.6,6.0,Combustión,114,No,Seat,9
11.0,4x2,Automático,168,Gasolina,2.5,6.0,Combustión,177,No,Volkswagen,9
16.0,4x2,Manual,118,Gasolina,1.6,5.0,Combustión,110,No,Nissan,4
9.0,4x2,Automático,290,Estándar,3.5,6.0,Combustión,255,No,Ford,11
10.0,4x4,Automático,380,Estándar,3.0,8.0,Eléctrico,428,Sí,Porsche,12
14.0,4x2,Automático,155,Gasolina,2.0,6.0,Combustión,148,No,Mazda,11
15.0,4x2,Automático,201,Gasolina,2.5,8.0,Combustión,178,No,Toyota,6
14.0,4x2,Manual,131,Gasolina,2.0,6.0,Combustión,142,No,Renault,8
15.0,4x2,Automático,148,Estándar,2.0,6.0,Combustión,141,No,Mazda,8
11.0,4x2,Automático,189,Estándar,2.0,7.0,Combustión,207,Sí,Bmw,7
9.0,4x2,Automático,177,Estándar,2.4,5.0,Combustión,164,No,Honda,11
12.0,4x2,Automático,153,Gasolina,2.0,6.0,Combustión,142,No,Kia,8
12.0,4x2,Automático,150,Estándar,1.4,6.0,Combustión,184,Sí,Audi,7
15.0,4x2,Automático,125,Gasolina,1.4,7.0,Combustión,148,Sí,Audi,7
14.0,4x2,Automático,135,Gasolina,1.4,6.0,Combustión,150,Sí,Fiat,10
15.0,4x2,Automático,148,Gasolina,2.0,6.0,Combustión,144,No,Mazda,6
11.0,4x2,Manual,85,Gasolina,1.3,5.0,Combustión,90,No,Fiat,5
13.0,4x2,Automático,175,Gasolina,1.6,8.0,Combustión,184,Sí,Bmw,9
18.0,4x2,Manual,81,Gasolina,1.2,5.0,Combustión,80,No,Chevrolet,6
14.0,4x2,Automático,150,Estándar,1.4,7.0,Combustión,184,Sí,Audi,6
14.0,4x2,Automático,150,Gasolina,1.4,7.0,Combustión,184,Sí,Audi,6
18.0,4x2,Automático,106,Gasolina,1.6,4.0,Combustión,105,No,Nissan,10
13.0,4x2,Automático,181,Gasolina,2.0,9.0,Combustión,221,Sí,Mercedes Benz,7
13.0,4x2,Automático,181,Estándar,2.0,8.0,Combustión,199,Sí,Bmw,9
14.0,4x2,Automático,188,Gasolina,2.5,6.0,Combustión,186,No,Mazda,5
14.0,4x2,Automático,150,Estándar,1.4,7.0,Combustión,184,Sí,Audi,7
12.0,4x2,Automático,140,Gasolina,2.0,4.0,Combustión,144,No,Renault,5
16.0,4x2,Automático,107,Gasolina,1.5,6.0,Combustión,104,No,Chevrolet,6
15.0,4x2,Automático,150,Gasolina,1.4,6.0,Combustión,184,Sí,Volkswagen,4
15.0,4x2,Manual,130,Estándar,1.5,6.0,Combustión,114,No,Honda,7
17.0,4x2,Manual,110,Gasolina,1.2,6.0,Combustión,95,Sí,Seat,8
14.0,4x2,Manual,131,Gasolina,2.0,6.0,Combustión,142,No,Renault,7
13.0,4x2,Automático,181,Estándar,2.0,8.0,Combustión,199,Sí,Bmw,10
17.0,4x2,Automático,147,Gasolina,2.0,6.0,Combustión,132,No,Hyundai,7
15.0,4x2,Automático,121,Gasolina,1.6,6.0,Combustión,111,No,Kia,7
12.0,4x2,Automático,105,Estándar,1.6,4.0,Combustión,107,No,Renault,7
10.0,4x2,Automático,173,Gasolina,2.4,4.0,Combustión,166,No,Dodge,6
12.0,4x2,Automático,185,Gasolina,2.4,6.0,Combustión,178,No,Kia,6
11.0,4x2,Automático,180,Gasolina,1.8,7.0,Combustión,184,Sí,Audi,9
15.0,4x2,Manual,115,Gasolina,1.6,5.0,Combustión,114,No,Renault,4
15.0,4x2,Automático,148,Estándar,2.0,6.0,Combustión,144,No,Mazda,6
14.0,4x2,Manual,188,Gasolina,2.5,6.0,Combustión,184,No,Mazda,7
16.0,4x2,Automático,107,Gasolina,1.5,6.0,Combustión,104,No,Chevrolet,5
9.0,4x2,Manual,115,Gasolina,2.0,5.0,Combustión,125,No,Seat,10
9.0,4x2,Manual,164,Gasolina,2.5,5.0,Combustión,167,No,Ford,4
9.0,4x2,Automático,188,Gasolina,2.5,6.0,Combustión,184,No,Mazda,7
15.0,4x2,Manual,155,Gasolina,2.0,6.0,Combustión,148,No,Mazda,10
14.0,4x2,Automático,121,Gasolina,1.6,6.0,Combustión,112,No,Kia,4
19.0,4x2,Manual,82,Gasolina,1.2,5.0,Combustión,83,No,Suzuki,6
8.0,4x4,Automático,285,Gasolina,3.6,5.0,Combustión,260,No,Jeep,9
15.0,4x2,Manual,104,Gasolina,1.6,5.0,Combustión,109,No,Renault,6
15.0,4x2,Automático,122,Gasolina,1.4,7.0,Combustión,148,Sí,Audi,10
15.0,4x2,Manual,147,Gasolina,2.0,6.0,Combustión,132,No,Kia,5
13.0,4x2,Manual,104,Gasolina,1.6,5.0,Combustión,113,No,Volkswagen,11
7.0,4x4,Automático,420,Estándar,6.2,8.0,Combustión,450,No,Gmc,8
15.0,4x2,Automático,150,Gasolina,1.4,6.0,Combustión,184,Sí,Volkswagen,5
18.0,4x2,Manual,81,Gasolina,1.2,5.0,Combustión,80,No,Chevrolet,5
17.0,4x2,Automático,121,Gasolina,1.5,6.0,Combustión,109,No,Ford,6
9.0,4x2,Automático,164,Gasolina,2.0,6.0,Combustión,146,No,Ford,5
14.0,4x2,Automático,121,Gasolina,1.6,6.0,Combustión,112,No,Kia,5
10.0,4x2,Automático,323,Gasolina,3.6,6.0,Combustión,278,No,Chevrolet,10
18.0,4x2,Manual,81,Gasolina,1.2,5.0,Combustión,80,No,Chevrolet,13
12.0,4x2,Manual,115,Estándar,2.0,5.0,Combustión,125,No,Seat,12
9.0,4x2,Automático,266,Gasolina,3.5,6.0,Combustión,245,No,Toyota,11
17.0,4x2,Manual,136,Gasolina,1.5,6.0,Combustión,162,Sí,Mini,4
18.0,4x2,Manual,81,Gasolina,1.2,5.0,Combustión,80,No,Chevrolet,10
11.0,4x2,Automático,180,Gasolina,1.8,7.0,Combustión,184,Sí,Audi,10
16.0,4x2,Automático,140,Gasolina,1.8,5.0,Combustión,128,No,Honda,12
11.0,4x2,Automático,172,Gasolina,2.4,6.0,Combustión,165,No,Jeep,11
15.0,4x2,Automático,121,Gasolina,1.6,6.0,Combustión,111,No,Kia,6
14.0,4x2,Automático,121,Gasolina,1.6,6.0,Combustión,111,No,Kia,3
10.0,4x2,Automático,323,Estándar,3.6,6.0,Combustión,278,No,Chevrolet,11
9.0,4x4,Automático,288,Estándar,3.6,6.0,Combustión,270,No,Buick,10
14.0,4x2,Automático,155,Gasolina,2.0,6.0,Combustión,148,No,Mazda,10
14.0,4x2,Manual,129,Gasolina,1.8,6.0,Combustión,128,No,Nissan,8
15.0,4x2,Manual,101,Estándar,1.4,5.0,Combustión,98,No,Fiat,10
14.0,4x2,Automático,104,Gasolina,1.6,6.0,Combustión,113,No,Volkswagen,7
14.0,4x2,Manual,85,Gasolina,1.4,5.0,Combustión,90,No,Fiat,7
14.0,4x2,Manual,99,Gasolina,1.6,5.0,Combustión,105,No,Volkswagen,11
15.0,4x2,Automático,140,Gasolina,1.8,6.0,Combustión,129,No,Chevrolet,10
11.0,4x2,Automático,168,Gasolina,2.5,6.0,Combustión,177,No,Volkswagen,11
14.0,4x2,Automático,153,Gasolina,2.0,6.0,Combustión,148,No,Mazda,7
17.0,4x2,Automático,153,Estándar,1.4,6.0,Combustión,177,Sí,Chevrolet,9
18.0,4x2,Automático,106,Gasolina,1.6,4.0,Combustión,105,No,Nissan,7
13.0,4x2,Automático,102,Estándar,1.5,4.0,Combustión,99,No,Toyota,7
8.0,4x4,Automático,177,Gasolina,2.4,5.0,Combustión,164,No,Honda,12
17.0,4x2,Manual,107,Estándar,1.6,5.0,Combustión,104,No,Chevrolet,5
9.0,4x2,Automático,155,Gasolina,2.0,6.0,Combustión,148,No,Mazda,10
14.0,4x2,Automático,155,Gasolina,2.0,6.0,Combustión,148,No,Mazda,9
11.0,4x2,Automático,180,Gasolina,1.8,7.0,Combustión,184,Sí,Audi,11
15.0,4x2,Automático,132,Gasolina,1.8,4.0,Combustión,128,No,Toyota,11
15.0,4x2,Manual,69,Gasolina,1.0,5.0,Combustión,68,No,Fiat,6
6.0,4x2,Automático,250,Estándar,3.5,6.0,Combustión,253,No,Honda,10
16.0,4x2,Automático,130,Gasolina,1.2,6.0,Combustión,141,Sí,Chevrolet,4
17.0,4x2,Automático,106,Gasolina,1.5,6.0,Combustión,103,No,Toyota,8
17.0,4x2,Manual,107,Gasolina,1.6,5.0,Combustión,104,No,Chevrolet,5
16.0,4x2,Automático,84,Estándar,1.0,5.0,Combustión,89,Sí,Smart,10
15.0,4x2,Automático,125,Estándar,1.4,7.0,Combustión,148,Sí,Audi,9
13.0,4x2,Manual,138,Gasolina,1.8,5.0,Combustión,129,No,Chevrolet,9
20.0,4x2,Manual,76,Estándar,1.2,5.0,Combustión,74,No,Dodge,5
19.0,4x2,Manual,100,Estándar,1.4,5.0,Combustión,98,No,Suzuki,11
17.0,4x2,Automático,107,Estándar,1.5,6.0,Combustión,104,No,Chevrolet,6
14.0,4x2,Manual,106,Gasolina,1.5,6.0,Combustión,103,No,Mazda,9
14.0,4x2,Automático,105,Gasolina,1.6,6.0,Combustión,113,No,Volkswagen,4
16.0,4x2,Automático,121,Gasolina,1.6,6.0,Combustión,111,No,Hyundai,5
13.0,4x2,Manual,181,Gasolina,2.0,6.0,Combustión,151,No,Mazda,6
13.0,4x2,Manual,141,Gasolina,1.8,6.0,Combustión,127,No,Honda,6
16.0,4x2,Manual,106,Gasolina,1.6,5.0,Combustión,105,No,Nissan,5
15.0,4x2,Manual,150,Estándar,2.0,6.0,Combustión,142,No,Kia,8
16.0,4x2,Automático,107,Estándar,1.6,4.0,Combustión,104,No,Chevrolet,7
18.0,4x2,Automático,106,Gasolina,1.6,4.0,Combustión,105,No,Nissan,6
15.0,4x2,Manual,121,Estándar,1.6,6.0,Combustión,111,No,Kia,7
12.0,4x2,Automático,130,Gasolina,1.8,6.0,Combustión,134,No,Jeep,8
14.0,4x2,Manual,105,Estándar,1.6,6.0,Combustión,113,No,Volkswagen,5
16.0,4x2,Manual,106,Gasolina,1.6,5.0,Combustión,105,No,Nissan,7
12.0,4x2,Automático,115,Gasolina,2.0,6.0,Combustión,125,No,Volkswagen,7
15.0,4x2,Automático,103,Gasolina,1.5,4.0,Combustión,102,No,Suzuki,5
9.0,4x2,Manual,166,Gasolina,2.5,6.0,Combustión,178,No,Nissan,5
14.0,4x2,Automático,101,Estándar,1.4,6.0,Combustión,98,No,Fiat,11
12.0,4x2,Manual,115,Gasolina,2.0,5.0,Combustión,125,No,Volkswagen,8
8.0,4x2,Automático,173,Gasolina,2.4,4.0,Combustión,166,No,Dodge,11
10.0,4x2,Automático,140,Gasolina,1.8,5.0,Combustión,128,No,Honda,10
14.0,4x2,Automático,120,Gasolina,1.6,6.0,Combustión,112,No,Kia,7
14.0,4x2,Manual,120,Gasolina,1.6,6.0,Combustión,112,No,Kia,8
12.0,4x2,Automático,153,Gasolina,2.0,6.0,Combustión,142,No,Kia,9
13.0,4x2,Automático,115,Gasolina,1.6,6.0,Combustión,114,No,Chevrolet,8
17.0,4x2,Manual,107,Gasolina,1.6,5.0,Combustión,104,No,Chevrolet,7
16.0,4x2,Manual,106,Gasolina,1.6,5.0,Combustión,105,No,Nissan,8
14.0,4x2,Manual,102,Gasolina,1.5,5.0,Combustión,99,No,Mazda,12
16.0,4x2,Manual,107,Gasolina,1.5,5.0,Combustión,104,No,Toyota,4
9.0,4x2,Manual,115,Gasolina,2.0,5.0,Combustión,125,No,Seat,11
12.0,4x2,Manual,115,Gasolina,2.0,5.0,Combustión,125,No,Volkswagen,9
21.0,4x2,Manual,76,Gasolina,1.2,5.0,Combustión,74,No,Mitsubishi,7
18.0,4x2,Manual,91,Diesel,1.6,5.0,Combustión,170,Sí,Peugeot,5
15.0,4x2,Automático,140,Gasolina,1.8,6.0,Combustión,129,No,Chevrolet,9
16.0,4x2,Manual,105,Estándar,1.5,5.0,Combustión,105,No,Ford,8
18.0,4x2,Manual,81,Gasolina,1.2,5.0,Combustión,80,No,Chevrolet,7
18.0,4x2,Manual,98,Gasolina,1.4,5.0,Combustión,89,No,Chevrolet,6
11.0,4x2,Automático,131,Gasolina,2.0,4.0,Combustión,142,No,Renault,10
15.0,4x2,Manual,118,Gasolina,1.6,5.0,Combustión,110,No,Nissan,5
15.0,4x2,Automático,140,Gasolina,1.8,6.0,Combustión,129,No,Chevrolet,7
16.0,4x2,Manual,106,Estándar,1.6,5.0,Combustión,105,No,Nissan,7
18.0,4x2,Manual,88,Gasolina,1.2,5.0,Combustión,88,No,Hyundai,7
19.0,4x2,Manual,114,Estándar,1.0,5.0,Combustión,120,Sí,Chevrolet,4
14.0,4x2,Manual,158,Gasolina,2.0,6.0,Combustión,138,No,Honda,6
14.0,4x2,Manual,115,Gasolina,1.6,5.0,Combustión,114,No,Chevrolet,9
16.0,4x2,Manual,106,Gasolina,1.6,5.0,Combustión,105,No,Nissan,6
18.0,4x2,Automático,100,Gasolina,1.6,5.0,Combustión,105,No,Volkswagen,7
15.0,4x2,Manual,69,Gasolina,1.0,5.0,Combustión,68,No,Fiat,7
15.0,4x2,Automático,106,Gasolina,1.6,4.0,Combustión,105,No,Nissan,5
17.0,4x2,Automático,88,Gasolina,1.2,4.0,Combustión,88,No,Hyundai,6
17.0,4x2,Manual,107,Gasolina,1.6,5.0,Combustión,104,No,Chevrolet,6
11.0,4x2,Automático,172,Gasolina,2.4,6.0,Combustión,165,No,Jeep,10
18.0,4x2,Automático,106,Gasolina,1.6,4.0,Combustión,105,No,Nissan,8
15.0,4x2,Manual,121,Gasolina,1.6,6.0,Combustión,111,No,Kia,5
12.0,4x2,Automático,131,Gasolina,2.0,4.0,Combustión,142,No,Renault,10
9.0,4x2,Automático,266,Gasolina,3.5,6.0,Combustión,245,No,Toyota,13
15.0,4x2,Automático,140,Gasolina,1.8,6.0,Combustión,129,No,Chevrolet,11
15.0,4x2,Manual,110,Gasolina,1.6,5.0,Combustión,114,Sí,Volkswagen,4
18.0,4x2,Automático,100,Gasolina,1.6,5.0,Combustión,105,No,Volkswagen,8
8.0,4x2,Automático,285,Gasolina,4.8,6.0,Combustión,305,No,Chevrolet,7
15.0,4x2,Manual,98,Gasolina,1.6,5.0,Combustión,105,No,Ford,10
18.0,4x2,Manual,130,Gasolina,1.2,5.0,Combustión,140,No,Chevrolet,7
17.0,4x2,Manual,106,Gasolina,1.5,5.0,Combustión,103,No,Toyota,9
17.0,4x2,Manual,101,Gasolina,1.6,5.0,Combustión,105,No,Volkswagen,5
9.0,4x2,Automático,168,Estándar,2.5,6.0,Combustión,170,No,Ford,11
16.0,4x2,Manual,140,Gasolina,1.8,5.0,Combustión,129,No,Chevrolet,8
9.0,4x2,Manual,166,Estándar,2.4,6.0,Combustión,178,No,Nissan,7
17.0,4x2,Manual,105,Gasolina,1.5,5.0,Combustión,105,No,Ford,7
12.0,4x2,Manual,125,Diesel,2.2,6.0,Combustión,258,Sí,Ford,9
16.0,4x2,Manual,140,Gasolina,1.8,5.0,Combustión,129,No,Chevrolet,12
12.0,4x2,Manual,113,Gasolina,2.0,5.0,Combustión,122,No,Volkswagen,11
17.0,4x2,Manual,66,Gasolina,1.0,5.0,Combustión,69,No,Renault,6
13.0,4x2,Manual,140,Gasolina,2.0,6.0,Combustión,144,No,Renault,6
15.0,4x2,Automático,106,Gasolina,1.6,4.0,Combustión,105,No,Nissan,6
15.0,4x2,Automático,106,Gasolina,1.6,4.0,Combustión,105,No,Nissan,9
17.0,4x2,Manual,66,Gasolina,1.0,5.0,Combustión,69,No,Renault,5
12.0,4x2,Manual,125,Diesel,2.2,6.0,Combustión,258,Sí,Ford,4
17.0,4x2,Manual,66,Estándar,1.0,5.0,Combustión,69,No,Renault,6
14.0,4x2,Manual,106,Gasolina,1.6,5.0,Combustión,105,No,Nissan,9
9.0,4x4,Automático,305,Estándar,3.6,9.0,Combustión,259,No,Buick,7
5.0,4x4,Automático,510,Gasolina,5.0,8.0,Motor Supercargado,461,Sí,Land Rover,11
8.0,4x2,Automático,245,Estándar,2.0,8.0,Combustión,258,Sí,Volvo,9
9.0,4x4,Automático,280,Gasolina,2.3,8.0,Combustión,310,Sí,Lincoln,5
9.0,4x4,Automático,302,Gasolina,3.5,7.0,Combustión,273,No,Mercedes Benz,12
9.0,4x2,Automático,247,Estándar,2.0,10.0,Combustión,273,Sí,Honda,7
9.0,4x2,Automático,247,Gasolina,2.0,10.0,Combustión,273,Sí,Honda,6
10.0,4x4,Automático,320,Gasolina,2.0,8.0,Combustión,295,Sí,Volvo,9
10.0,4x4,Automático,261,Gasolina,2.0,10.0,Combustión,280,Sí,Acura,6
10.0,4x4,Automático,261,Gasolina,2.0,10.0,Combustión,280,Sí,Acura,5
15.0,4x2,Manual,138,Estándar,1.4,6.0,Combustión,162,Sí,Suzuki,8
11.0,4x4,Automático,252,Gasolina,2.0,7.0,Combustión,273,Sí,Audi,5
9.0,4x4,Automático,400,Gasolina,3.0,10.0,Combustión,415,Sí,Ford,4
10.0,4x2,Automático,163,Gasolina,1.6,6.0,Combustión,177,Sí,Peugeot,6
11.0,4x2,Automático,250,Gasolina,2.0,8.0,Combustión,260,Sí,Kia,6
18.0,4x2,Automático,150,Estándar,1.4,7.0,Combustión,184,Sí,Seat,7
15.0,4x2,Automático,140,Gasolina,1.5,7.0,Combustión,162,Sí,Bmw,4
11.0,4x2,Automático,231,Estándar,2.0,6.0,Combustión,207,Sí,Mini,7
11.0,4x2,Automático,192,Gasolina,2.0,7.0,Combustión,206,Sí,Bmw,5
9.0,4x2,Automático,350,Gasolina,3.7,6.0,Combustión,400,Sí,Lincoln,6
13.0,4x2,Automático,192,Estándar,2.0,6.0,Combustión,206,Sí,Mini,7
9.0,4x2,Automático,181,Gasolina,2.0,7.0,Combustión,221,Sí,Mercedes Benz,9
9.0,4x4,Automático,290,Estándar,3.3,6.0,Combustión,252,No,Kia,7
17.0,4x2,Manual,136,Gasolina,1.5,6.0,Combustión,162,Sí,Mini,8
14.0,4x2,Automático,230,Gasolina,2.0,6.0,Combustión,258,Sí,Volkswagen,5
12.0,4x2,Automático,180,Gasolina,2.4,6.0,Combustión,175,No,Jeep,4
11.0,4x2,Automático,250,Gasolina,2.0,8.0,Combustión,260,Sí,Kia,7
13.0,4x2,Automático,138,Gasolina,1.4,6.0,Combustión,148,Sí,Buick,6
11.0,4x2,Automático,240,Gasolina,2.0,6.0,Combustión,270,Sí,Lincoln,9
6.0,4x4,Automático,290,Gasolina,3.7,9.0,Combustión,267,No,Acura,7
14.0,4x2,Automático,155,Gasolina,2.0,6.0,Combustión,143,No,Hyundai,8
9.0,4x4,Automático,285,Estándar,2.3,6.0,Combustión,300,Sí,Lincoln,10
7.0,4x4,Automático,249,Gasolina,2.0,8.0,Combustión,258,Sí,Bmw,6
15.0,4x2,Automático,156,Estándar,1.6,7.0,Combustión,184,Sí,Mercedes Benz,9
9.0,4x4,Automático,328,Gasolina,3.0,7.0,Combustión,325,Sí,Audi,8
14.0,4x2,Automático,110,Gasolina,1.6,6.0,Combustión,114,No,Seat,7
9.0,4x2,Automático,301,Estándar,3.6,6.0,Combustión,272,No,Gmc,9
12.0,4x4,Automático,249,Gasolina,2.0,7.0,Combustión,273,Sí,Audi,8
9.0,4x4,Automático,285,Híbrido,3.6,8.0,Mild Hybrid,260,Sí,Jeep,4
9.0,4x2,Automático,240,Gasolina,2.0,6.0,Combustión,270,Sí,Ford,9
10.0,4x2,Automático,172,Gasolina,2.4,4.0,Combustión,165,No,Dodge,5
7.0,4x2,Automático,287,Gasolina,3.6,9.0,Combustión,262,No,Chrysler,6
9.0,4x2,Automático,270,Estándar,3.5,6.0,Combustión,248,No,Toyota,9
9.0,4x4,Automático,285,Gasolina,3.6,8.0,Combustión,260,No,Jeep,5
13.0,4x2,Automático,192,Gasolina,2.0,6.0,Combustión,207,Sí,Mini,6
13.0,4x2,Automático,192,Gasolina,2.0,6.0,Combustión,207,Sí,Mini,7
9.0,4x2,Automático,290,Gasolina,3.3,6.0,Combustión,252,No,Kia,9
19.0,4x2,Manual,100,Gasolina,1.4,5.0,Combustión,98,No,Suzuki,8
8.0,4x2,Automático,395,Estándar,5.0,10.0,Combustión,387,No,Ford,6
9.0,4x4,Automático,290,Gasolina,3.3,6.0,Combustión,252,No,Kia,9
8.0,4x2,Automático,302,Estándar,3.0,8.0,Combustión,295,Sí,Bmw,13
14.0,4x2,Automático,207,Estándar,2.0,6.0,Combustión,207,Sí,Volkswagen,8
9.0,4x2,Automático,237,Gasolina,1.8,6.0,Combustión,251,Sí,Alfa Romeo,7
14.0,4x2,Automático,121,Estándar,1.6,6.0,Combustión,111,No,Hyundai,6
14.0,4x2,Automático,190,Estándar,2.0,6.0,Combustión,221,Sí,Volvo,7
9.0,4x2,Automático,245,Gasolina,2.0,6.0,Combustión,270,Sí,Ford,8
17.0,4x2,Automático,136,Gasolina,1.5,6.0,Combustión,162,Sí,Mini,11
6.0,4x2,Automático,245,Gasolina,2.0,8.0,Combustión,258,Sí,Volvo,8
15.0,4x2,Automático,156,Gasolina,1.6,7.0,Combustión,184,Sí,Mercedes Benz,8
9.0,4x2,Automático,112,Gasolina,2.0,6.0,Combustión,207,Sí,Jac,6
17.0,4x2,Automático,136,Gasolina,1.5,7.0,Combustión,162,Sí,Mini,6
14.0,4x2,Automático,184,Gasolina,2.0,8.0,Combustión,221,Sí,Bmw,5
15.0,4x2,Automático,154,Gasolina,1.6,7.0,Combustión,184,Sí,Mercedes Benz,8
12.0,4x2,Automático,181,Gasolina,2.0,8.0,Combustión,214,Sí,Bmw,6
14.0,4x2,Automático,181,Gasolina,2.0,6.0,Combustión,175,No,Hyundai,6
15.0,4x2,Automático,125,Estándar,1.4,7.0,Combustión,148,Sí,Audi,8
9.0,4x2,Automático,290,Estándar,3.3,6.0,Combustión,252,No,Kia,8
14.0,4x2,Automático,121,Gasolina,1.6,6.0,Combustión,111,No,Hyundai,7
10.0,4x2,Automático,327,Estándar,3.7,7.0,Combustión,269,No,Infiniti,7
14.0,4x2,Manual,113,Gasolina,1.5,5.0,Combustión,111,No,Mg,4
19.0,4x2,Manual,82,Gasolina,1.2,5.0,Combustión,83,No,Suzuki,3
9.0,4x2,Automático,170,Gasolina,1.5,6.0,Combustión,203,Sí,Chevrolet,6
19.0,4x2,Automático,110,Gasolina,1.0,6.0,Combustión,118,Sí,Suzuki,7
10.0,4x2,Automático,188,Gasolina,2.5,6.0,Combustión,186,Sí,Mazda,4
13.0,4x2,Automático,156,Gasolina,1.6,7.0,Combustión,184,Sí,Mercedes Benz,5
13.0,4x2,Automático,154,Estándar,1.6,9.0,Combustión,184,Sí,Mercedes Benz,7
15.0,4x2,Manual,110,Gasolina,1.6,5.0,Combustión,114,No,Seat,8
8.0,4x2,Automático,335,Gasolina,3.6,8.0,Combustión,285,No,Chevrolet,8
27.0,4x2,Automático,146,Híbrido,1.6,6.0,Eléctrico,195,No,Kia,8
12.0,4x2,Automático,130,Gasolina,1.8,6.0,Combustión,134,No,Jeep,7
9.0,4x4,Automático,288,Estándar,3.6,6.0,Combustión,270,No,Buick,8
12.0,4x2,Automático,164,Gasolina,2.0,6.0,Combustión,146,No,Ford,7
12.0,4x4,Automático,170,Gasolina,2.0,7.0,Combustión,207,Sí,Audi,11
9.0,4x2,Automático,186,Gasolina,2.5,6.0,Combustión,186,No,Mazda,6
14.0,4x2,Automático,180,Gasolina,1.6,6.0,Combustión,177,Sí,Volvo,11
8.0,4x4,Automático,240,Estándar,2.0,9.0,Combustión,250,Sí,Land Rover,10
16.0,4x2,Automático,138,Gasolina,1.5,7.0,Combustión,162,Sí,Bmw,6
17.0,4x2,Automático,136,Gasolina,1.5,7.0,Combustión,162,Sí,Mini,5
10.0,4x2,Automático,335,Gasolina,3.0,8.0,Combustión,368,Sí,Bmw,6
12.0,4x2,Automático,181,Gasolina,2.0,8.0,Combustión,199,Sí,Bmw,9
9.0,4x2,Automático,285,Gasolina,2.5,6.0,Combustión,253,No,Ford,14
9.0,4x4,Automático,288,Gasolina,3.6,6.0,Combustión,270,No,Gmc,9
12.0,4x2,Automático,185,Gasolina,2.4,6.0,Combustión,178,No,Kia,5
9.0,4x2,Automático,266,Gasolina,3.3,6.0,Combustión,234,No,Kia,5
15.0,4x2,Automático,122,Estándar,1.4,7.0,Combustión,148,Sí,Audi,10
9.0,4x2,Automático,188,Estándar,2.5,6.0,Combustión,184,No,Mazda,10
13.0,4x2,Automático,156,Gasolina,1.6,7.0,Combustión,184,Sí,Mercedes Benz,7
9.0,4x2,Automático,240,Gasolina,2.0,6.0,Combustión,270,Sí,Ford,5
14.0,4x2,Automático,188,Gasolina,2.5,6.0,Combustión,186,No,Mazda,6
15.0,4x2,Automático,140,Gasolina,1.8,6.0,Combustión,129,No,Chevrolet,5
14.0,4x2,Manual,150,Gasolina,2.0,6.0,Combustión,142,No,Kia,8
10.0,4x2,Automático,322,Estándar,3.0,8.0,Combustión,368,Sí,Bmw,8
19.0,4x2,Manual,82,Gasolina,1.2,5.0,Combustión,83,No,Suzuki,7
17.0,4x2,Automático,136,Gasolina,1.5,6.0,Combustión,162,Sí,Mini,8
5.0,4x4,Automático,285,Estándar,3.6,5.0,Combustión,260,No,Jeep,7
11.0,4x2,Automático,250,Gasolina,2.5,6.0,Combustión,310,Sí,Mazda,6
9.0,4x2,Automático,266,Gasolina,3.3,6.0,Combustión,234,No,Kia,6
17.0,4x2,Automático,134,Gasolina,1.5,8.0,Combustión,162,Sí,Bmw,6
15.0,4x2,Manual,110,Gasolina,1.6,5.0,Combustión,114,No,Seat,4
12.0,4x4,Automático,180,Gasolina,2.0,7.0,Combustión,236,Sí,Volkswagen,5
11.0,4x2,Automático,240,Gasolina,2.0,6.0,Combustión,270,Sí,Lincoln,12
14.0,4x2,Automático,150,Estándar,1.4,7.0,Combustión,184,Sí,Audi,5
19.0,4x2,Manual,82,Gasolina,1.2,5.0,Combustión,83,No,Suzuki,5
7.0,4x4,Automático,360,Estándar,5.7,8.0,Combustión,390,No,Jeep,9
12.0,4x2,Automático,180,Gasolina,2.4,6.0,Combustión,175,No,Jeep,6
9.0,4x2,Automático,177,Gasolina,2.4,5.0,Combustión,164,No,Honda,11
9.0,4x2,Automático,288,Gasolina,3.6,6.0,Combustión,270,No,Gmc,11
14.0,4x2,Automático,110,Gasolina,1.6,6.0,Combustión,114,No,Seat,6
12.0,4x2,Automático,153,Estándar,2.0,6.0,Combustión,142,No,Kia,6
17.0,4x2,Manual,136,Estándar,1.5,6.0,Combustión,162,Sí,Mini,9
18.0,4x2,Automático,140,Gasolina,1.4,7.0,Combustión,184,Sí,Seat,9
15.0,4x2,Automático,121,Estándar,1.6,6.0,Combustión,111,No,Kia,5
9.0,4x2,Automático,290,Estándar,3.5,6.0,Combustión,255,No,Ford,12
6.0,4x2,Automático,381,Estándar,5.7,6.0,Combustión,401,No,Toyota,9
14.0,4x2,Automático,138,Gasolina,1.4,7.0,Combustión,178,Sí,Hyundai,4
13.0,4x2,Automático,185,Gasolina,2.4,6.0,Combustión,178,No,Hyundai,8
13.0,4x4,Automático,176,Estándar,2.5,6.0,Combustión,172,No,Toyota,10
16.0,4x2,Automático,121,Gasolina,1.6,6.0,Combustión,111,No,Hyundai,6
14.0,4x2,Automático,188,Gasolina,2.5,6.0,Combustión,184,No,Mazda,8
14.0,4x2,Manual,140,Gasolina,2.0,6.0,Combustión,144,No,Renault,4
13.0,4x2,Automático,175,Estándar,1.6,8.0,Combustión,184,Sí,Bmw,9
15.0,4x2,Manual,121,Gasolina,1.6,6.0,Combustión,111,No,Kia,4
8.0,4x2,Automático,335,Estándar,3.6,8.0,Combustión,285,No,Chevrolet,7
7.0,4x2,Automático,290,Gasolina,3.6,5.0,Combustión,260,No,Jeep,13
9.0,4x2,Manual,166,Estándar,2.4,6.0,Combustión,178,No,Nissan,5
9.0,4x4,Automático,285,Gasolina,3.6,5.0,Combustión,260,No,Jeep,13
13.0,4x2,Automático,168,Gasolina,1.6,8.0,Combustión,184,Sí,Bmw,11
15.0,4x2,Automático,148,Gasolina,2.0,6.0,Combustión,141,No,Mazda,7
9.0,4x2,Automático,168,Gasolina,2.5,6.0,Combustión,170,No,Ford,9
17.0,4x2,Automático,121,Gasolina,1.5,6.0,Combustión,109,No,Ford,4
14.0,4x2,Manual,121,Gasolina,1.6,6.0,Combustión,111,No,Hyundai,5
7.0,4x2,Automático,283,Estándar,3.6,6.0,Combustión,260,No,Dodge,8
14.0,4x2,Automático,101,Gasolina,1.4,6.0,Combustión,98,No,Fiat,10
14.0,4x2,Manual,131,Estándar,2.0,6.0,Combustión,142,No,Renault,7
13.0,4x2,Manual,131,Gasolina,2.0,6.0,Combustión,142,No,Renault,6
9.0,4x2,Automático,186,Estándar,2.5,6.0,Combustión,186,No,Mazda,5
12.0,4x2,Automático,153,Estándar,2.0,6.0,Combustión,142,No,Kia,7
8.0,4x2,Automático,285,Gasolina,4.8,6.0,Combustión,305,No,Chevrolet,5
14.0,4x2,Manual,155,Gasolina,2.0,6.0,Combustión,148,No,Mazda,10
13.0,4x2,Manual,110,Gasolina,1.6,5.0,Combustión,109,No,Renault,10
12.0,4x2,Automático,131,Gasolina,2.0,4.0,Combustión,142,No,Renault,9
9.0,4x2,Automático,290,Gasolina,3.3,6.0,Combustión,252,No,Kia,7
15.0,4x2,Manual,105,Gasolina,1.6,5.0,Combustión,113,No,Volkswagen,4
13.0,4x2,Automático,168,Gasolina,1.6,8.0,Combustión,184,Sí,Bmw,10
12.0,4x2,Automático,113,Gasolina,1.6,5.0,Combustión,117,No,Fiat,7
8.0,4x2,Automático,355,Gasolina,5.3,6.0,Combustión,383,No,Chevrolet,6
14.0,4x2,Manual,108,Gasolina,1.6,6.0,Combustión,114,No,Volkswagen,9
18.0,4x2,Automático,106,Gasolina,1.5,6.0,Combustión,103,No,Mazda,6
14.0,4x2,Manual,85,Estándar,1.4,5.0,Combustión,90,No,Fiat,8
16.0,4x2,Automático,161,Gasolina,1.3,6.0,Combustión,170,Sí,Chevrolet,3
13.0,4x2,Manual,181,Gasolina,2.0,6.0,Combustión,151,No,Mazda,5
14.0,4x2,Manual,113,Gasolina,1.5,5.0,Combustión,111,No,Mg,3
14.0,4x2,Automático,104,Gasolina,1.6,6.0,Combustión,113,No,Volkswagen,8
15.0,4x2,Manual,105,Gasolina,1.6,5.0,Combustión,113,No,Volkswagen,5
15.0,4x2,Automático,160,Gasolina,2.0,6.0,Combustión,146,No,Ford,10
9.0,4x2,Manual,110,Estándar,1.6,5.0,Combustión,114,No,Seat,5
13.0,4x2,Automático,185,Gasolina,2.4,6.0,Combustión,178,No,Hyundai,9
15.0,4x2,Automático,125,Gasolina,1.4,7.0,Combustión,109,Sí,Seat,8
8.0,4x4,Automático,285,Gasolina,5.3,6.0,Combustión,305,No,Chevrolet,6
14.0,4x2,Manual,104,Gasolina,1.6,5.0,Combustión,113,No,Volkswagen,7
14.0,4x2,Manual,104,Gasolina,1.6,5.0,Combustión,113,No,Volkswagen,6
9.0,4x4,Automático,395,Gasolina,5.0,10.0,Combustión,400,No,Ford,5
11.0,4x2,Manual,168,Gasolina,2.5,5.0,Combustión,177,No,Volkswagen,11
12.0,4x2,Automático,145,Gasolina,2.0,6.0,Combustión,136,No,Ford,10
18.0,4x2,Manual,106,Gasolina,1.5,6.0,Combustión,103,No,Mazda,7
14.0,4x2,Manual,121,Gasolina,1.6,6.0,Combustión,111,No,Kia,5
14.0,4x2,Manual,140,Gasolina,2.0,6.0,Combustión,144,No,Renault,5
15.0,4x2,Manual,101,Estándar,1.4,5.0,Combustión,98,No,Fiat,11
9.0,4x2,Automático,182,Gasolina,2.4,6.0,Combustión,172,No,Chevrolet,9
11.0,4x2,Automático,174,Estándar,2.0,6.0,Combustión,177,Sí,Baic X65,7
15.0,4x2,Manual,121,Gasolina,1.6,6.0,Combustión,111,No,Kia,6
16.0,4x2,Automático,121,Gasolina,1.6,6.0,Combustión,111,No,Hyundai,7
18.0,4x2,Manual,81,Gasolina,1.2,5.0,Combustión,80,No,Chevrolet,4
13.0,4x2,Manual,155,Estándar,2.0,6.0,Combustión,148,No,Mazda,9
15.0,4x2,Manual,130,Gasolina,1.5,6.0,Combustión,114,No,Honda,10
13.0,4x2,Manual,104,Gasolina,1.6,5.0,Combustión,113,No,Volkswagen,10
15.0,4x2,Manual,105,Estándar,1.6,5.0,Combustión,113,No,Volkswagen,5
17.0,4x2,Manual,107,Gasolina,1.5,5.0,Combustión,104,No,Chevrolet,7
12.0,4x2,Manual,130,Gasolina,1.5,6.0,Combustión,114,No,Honda,9
12.0,4x2,Automático,118,Gasolina,1.6,4.0,Combustión,118,No,Peugeot,8
13.0,4x2,Manual,155,Estándar,2.0,6.0,Combustión,148,No,Mazda,7
13.0,4x2,Manual,104,Estándar,1.6,5.0,Combustión,113,No,Volkswagen,6
15.0,4x2,Manual,130,Gasolina,1.5,6.0,Combustión,114,No,Honda,8
19.0,4x2,Manual,82,Gasolina,1.2,5.0,Combustión,83,No,Suzuki,4
14.0,4x2,Manual,106,Gasolina,1.6,5.0,Combustión,105,No,Nissan,7
14.0,4x2,Manual,115,Estándar,1.6,5.0,Combustión,114,No,Chevrolet,9
13.0,4x2,Manual,141,Gasolina,1.8,6.0,Combustión,127,No,Honda,7
14.0,4x2,Manual,158,Gasolina,2.0,6.0,Combustión,138,No,Honda,7
8.0,4x2,Automático,173,Gasolina,2.4,4.0,Combustión,166,No,Dodge,12
9.0,4x2,Automático,155,Estándar,2.0,6.0,Combustión,148,No,Mazda,7
15.0,4x2,Automático,104,Gasolina,1.6,6.0,Combustión,113,No,Volkswagen,9
13.0,4x2,Automático,102,Gasolina,1.5,5.0,Combustión,99,No,Toyota,8
14.0,4x2,Manual,120,Gasolina,1.6,6.0,Combustión,112,No,Kia,7
13.0,4x2,Automático,115,Estándar,1.6,6.0,Combustión,114,No,Chevrolet,8
14.0,4x2,Automático,120,Estándar,1.6,6.0,Combustión,112,No,Kia,6
10.0,4x4,Automático,285,Estándar,3.6,5.0,Combustión,260,No,Jeep,8
18.0,4x2,Manual,98,Gasolina,1.4,5.0,Combustión,89,No,Chevrolet,8
13.0,4x2,Automático,115,Gasolina,1.6,5.0,Combustión,117,No,Dodge,9
15.0,4x2,Automático,140,Gasolina,1.8,6.0,Combustión,129,No,Chevrolet,12
17.0,4x2,Manual,100,Gasolina,1.6,5.0,Combustión,105,No,Volkswagen,9
18.0,4x2,Manual,88,Estándar,1.2,5.0,Combustión,88,No,Hyundai,7
18.0,4x2,Manual,81,Estándar,1.2,5.0,Combustión,80,No,Chevrolet,5
16.0,4x2,Automático,107,Gasolina,1.6,4.0,Combustión,104,No,Chevrolet,7
9.0,4x2,Manual,166,Gasolina,2.5,6.0,Combustión,178,No,Nissan,6
14.0,4x2,Manual,103,Gasolina,1.6,5.0,Combustión,107,No,Chevrolet,11
17.0,4x2,Automático,105,Gasolina,1.5,6.0,Combustión,105,No,Ford,8
18.0,4x2,Manual,89,Diesel,1.6,5.0,Combustión,159,Sí,Peugeot,7
16.0,4x2,Manual,120,Gasolina,1.6,5.0,Combustión,112,No,Ford,9
9.0,4x2,Manual,143,Gasolina,2.4,5.0,Combustión,154,No,Nissan,14
17.0,4x2,Automático,105,Gasolina,1.5,6.0,Combustión,105,No,Ford,9
13.0,4x2,Manual,125,Gasolina,1.8,6.0,Combustión,128,No,Nissan,7
9.0,4x2,Automático,350,Gasolina,3.7,6.0,Combustión,400,Sí,Lincoln,8
9.0,4x4,Automático,320,Gasolina,2.0,8.0,Combustión,295,Sí,Volvo,6
9.0,4x4,Automático,310,Gasolina,3.6,8.0,Combustión,274,No,Cadillac,6
5.0,4x4,Automático,429,Gasolina,5.5,7.0,Combustión,516,Sí,Mercedes Benz,10
12.0,4x2,Automático,184,Estándar,2.0,7.0,Combustión,199,Sí,Mercedes Benz,9
7.0,4x2,Automático,365,Gasolina,3.3,8.0,Combustión,376,Sí,Kia,7
12.0,4x4,Automático,245,Gasolina,2.0,8.0,Combustión,275,Sí,Ford,4
9.0,4x2,Automático,184,Gasolina,2.4,9.0,Combustión,171,No,Jeep,9
15.0,4x2,Automático,360,Estándar,3.5,7.0,Eléctrico,403,No,Infiniti,8
17.0,4x2,Automático,150,Gasolina,1.4,7.0,Combustión,148,Sí,Seat,6
15.0,4x2,Manual,138,Gasolina,1.4,6.0,Combustión,162,Sí,Suzuki,7
13.0,4x2,Automático,192,Gasolina,2.0,8.0,Combustión,221,Sí,Mini,7
9.0,4x2,Automático,208,Estándar,2.0,9.0,Combustión,258,Sí,Mercedes Benz,7
9.0,4x4,Automático,222,Gasolina,2.0,8.0,Combustión,258,Sí,Audi,10
13.0,4x2,Automático,190,Gasolina,1.5,8.0,Combustión,221,Sí,Volvo,4
8.0,4x4,Automático,335,Estándar,3.0,7.0,Combustión,339,Sí,Porsche,10
13.0,4x4,Automático,176,Estándar,2.5,6.0,Combustión,172,No,Toyota,7
11.0,4x2,Automático,168,Estándar,2.5,6.0,Combustión,177,No,Volkswagen,7
12.0,4x2,Automático,249,Gasolina,2.0,8.0,Combustión,258,Sí,Bmw,8
9.0,4x2,Automático,181,Estándar,2.0,7.0,Combustión,221,Sí,Mercedes Benz,9
11.0,4x2,Automático,228,Gasolina,2.5,6.0,Combustión,310,Sí,Mazda,6
13.0,4x2,Automático,190,Gasolina,1.5,8.0,Combustión,221,Sí,Volvo,3
10.0,4x2,Automático,240,Estándar,2.0,6.0,Combustión,260,Sí,Hyundai,8
7.0,4x4,Automático,242,Gasolina,2.0,8.0,Combustión,258,Sí,Bmw,8
7.0,4x4,Automático,420,Gasolina,2.5,6.0,Combustión,450,No,Gmc,10
7.0,4x4,Automático,444,Gasolina,4.4,8.0,Combustión,479,Sí,Bmw,6
16.0,4x2,Manual,150,Gasolina,1.4,6.0,Combustión,184,Sí,Seat,9
14.0,4x2,Automático,252,Estándar,2.0,8.0,Híbrido,310,Sí,Bmw,7
14.0,4x2,Automático,154,Gasolina,1.6,7.0,Combustión,184,Sí,Mercedes Benz,8
17.0,4x2,Manual,105,Estándar,1.6,5.0,Combustión,114,Sí,Seat,7
15.0,4x2,Automático,148,Estándar,1.4,7.0,Combustión,184,Sí,Volkswagen,8
16.0,4x2,Automático,153,Gasolina,1.4,6.0,Combustión,177,Sí,Chevrolet,7
15.0,4x2,Automático,163,Gasolina,1.3,7.0,Combustión,184,Sí,Mercedes Benz,5
15.0,4x2,Automático,140,Estándar,1.5,7.0,Combustión,162,Sí,Bmw,5
13.0,4x2,Automático,184,Híbrido,2.0,8.0,Híbrido,310,Sí,Bmw,7
10.0,4x2,Automático,188,Gasolina,2.5,6.0,Combustión,186,No,Mazda,6
17.0,4x2,Automático,148,Gasolina,1.4,7.0,Combustión,184,Sí,Volkswagen,9
11.0,4x2,Automático,300,Gasolina,2.3,10.0,Combustión,310,Sí,Ford,5
17.0,4x2,Automático,150,Gasolina,1.4,7.0,Combustión,184,Sí,Seat,5
10.0,4x2,Automático,186,Gasolina,2.5,6.0,Combustión,184,No,Mazda,9
17.0,4x2,Automático,150,Gasolina,1.4,8.0,Combustión,184,Sí,Seat,3
14.0,4x2,Automático,150,Gasolina,1.4,7.0,Combustión,184,Sí,Audi,5
14.0,4x2,Automático,252,Híbrido,2.0,8.0,Híbrido,310,Sí,Bmw,6
13.0,4x2,Automático,154,Gasolina,1.6,7.0,Combustión,184,Sí,Mercedes Benz,8
11.0,4x2,Automático,192,Gasolina,2.0,8.0,Combustión,207,Sí,Bmw,8
9.0,4x4,Automático,208,Gasolina,2.0,8.0,Combustión,258,Sí,Audi,13
9.0,4x4,Automático,280,Estándar,3.5,6.0,Combustión,262,No,Honda,7
9.0,4x2,Automático,208,Gasolina,2.0,9.0,Combustión,258,Sí,Mercedes Benz,7
13.0,4x2,Automático,235,Gasolina,2.0,9.0,Combustión,258,Sí,Cadillac,6
17.0,4x2,Automático,150,Gasolina,1.4,7.0,Combustión,184,Sí,Volkswagen,5
14.0,4x2,Automático,201,Gasolina,1.6,7.0,Combustión,195,Sí,Kia,5
8.0,4x2,Automático,460,Gasolina,5.0,10.0,Combustión,420,No,Ford,4
9.0,4x4,Automático,280,Gasolina,3.5,6.0,Combustión,262,No,Honda,9
9.0,4x2,Automático,285,Gasolina,3.5,6.0,Combustión,253,No,Ford,12
17.0,4x2,Automático,136,Estándar,1.5,6.0,Combustión,162,Sí,Mini,7
9.0,4x4,Automático,288,Gasolina,3.6,6.0,Combustión,270,No,Buick,8
9.0,4x2,Automático,276,Estándar,3.6,6.0,Combustión,265,No,Volkswagen,12
7.0,4x4,Automático,360,Estándar,5.7,8.0,Combustión,390,No,Jeep,7
9.0,4x2,Automático,301,Gasolina,3.6,6.0,Combustión,272,No,Gmc,9
13.0,4x2,Automático,156,Gasolina,1.6,7.0,Combustión,184,Sí,Mercedes Benz,6
14.0,4x2,Automático,150,Gasolina,1.4,7.0,Combustión,184,Sí,Audi,7
14.0,4x2,Automático,148,Gasolina,1.4,6.0,Combustión,184,Sí,Volkswagen,7
12.0,4x2,Automático,181,Gasolina,2.0,8.0,Combustión,199,Sí,Bmw,10
12.0,4x2,Automático,131,Gasolina,2.0,4.0,Combustión,142,No,Renault,6
9.0,4x4,Automático,310,Gasolina,3.6,6.0,Combustión,271,No,Gmc,7
8.0,4x2,Automático,283,Gasolina,3.6,6.0,Combustión,260,No,Dodge,8
9.0,4x2,Automático,181,Gasolina,2.0,9.0,Combustión,221,Sí,Mercedes Benz,8
9.0,4x2,Automático,252,Gasolina,2.0,9.0,Combustión,258,Sí,Gmc,6
14.0,4x2,Automático,158,Gasolina,1.4,6.0,Combustión,177,Sí,Volkswagen,10
20.0,4x2,Manual,92,Diesel,1.6,5.0,Combustión,170,Sí,Peugeot,4
17.0,4x2,Automático,140,Gasolina,1.5,7.0,Combustión,162,Sí,Bmw,5
13.0,4x2,Automático,156,Estándar,1.6,7.0,Combustión,184,Sí,Mercedes Benz,7
17.0,4x2,Automático,136,Gasolina,1.5,6.0,Combustión,162,Sí,Mini,7
9.0,4x2,Automático,184,Gasolina,2.4,9.0,Combustión,171,No,Jeep,10
20.0,4x2,Automático,100,Gasolina,1.4,4.0,Combustión,98,No,Suzuki,10
14.0,4x2,Manual,138,Gasolina,1.4,6.0,Combustión,148,Sí,Chevrolet,9
10.0,4x4,Automático,286,Gasolina,3.0,6.0,Combustión,310,Sí,Audi,15
13.0,4x2,Automático,189,Gasolina,2.5,6.0,Combustión,186,No,Mazda,5
9.0,4x4,Automático,162,Gasolina,2.5,7.0,Combustión,175,No,Nissan,3
9.0,4x2,Automático,290,Gasolina,3.6,8.0,Combustión,260,No,Jeep,10
15.0,4x2,Automático,140,Estándar,1.8,6.0,Combustión,129,No,Chevrolet,7
10.0,4x2,Automático,113,Estándar,1.6,6.0,Combustión,111,No,Peugeot,7
17.0,4x2,Automático,105,Gasolina,1.2,7.0,Combustión,129,Sí,Seat,10
11.0,4x2,Automático,201,Estándar,2.0,7.0,Combustión,229,Sí,Mercedes Benz,11
6.0,4x4,Automático,285,Gasolina,3.6,5.0,Combustión,260,No,Jeep,7
16.0,4x2,Manual,122,Gasolina,1.4,6.0,Combustión,147,Sí,Seat,11
15.0,4x2,Automático,190,Gasolina,2.0,7.0,Combustión,236,Sí,Audi,7
17.0,4x2,Manual,136,Gasolina,1.5,6.0,Combustión,162,Sí,Mini,7
12.0,4x4,Automático,211,Gasolina,2.0,7.0,Combustión,258,Sí,Mercedes Benz,8
8.0,4x4,Automático,288,Gasolina,3.6,6.0,Combustión,270,No,Gmc,9
9.0,4x2,Automático,168,Gasolina,2.5,6.0,Combustión,170,No,Ford,12
15.0,4x2,Automático,122,Gasolina,1.4,7.0,Combustión,148,Sí,Audi,11
10.0,4x2,Automático,300,Gasolina,3.0,7.0,Combustión,295,Sí,Infiniti,7
14.0,4x2,Automático,121,Gasolina,1.6,6.0,Combustión,111,No,Hyundai,5
6.0,4x2,Automático,381,Estándar,5.7,6.0,Combustión,401,No,Toyota,8
15.0,4x2,Automático,160,Gasolina,2.0,6.0,Combustión,146,No,Ford,9
9.0,4x2,Automático,240,Gasolina,2.0,6.0,Combustión,270,Sí,Ford,10
8.0,4x2,Manual,188,Estándar,2.5,6.0,Combustión,184,No,Mazda,7
13.0,4x2,Automático,185,Gasolina,2.4,6.0,Combustión,178,No,Hyundai,10
12.0,4x2,Automático,140,Gasolina,2.0,4.0,Combustión,144,No,Renault,6
19.0,4x2,Automático,110,Gasolina,1.0,6.0,Combustión,118,Sí,Suzuki,3
9.0,4x2,Automático,264,Gasolina,3.0,6.0,Combustión,222,No,Gmc,13
9.0,4x4,Automático,285,Gasolina,3.6,5.0,Combustión,260,No,Jeep,9
9.0,4x4,Automático,253,Gasolina,3.5,5.0,Combustión,256,No,Honda,10
8.0,4x2,Automático,283,Gasolina,4.0,6.0,Combustión,260,No,Chrysler,9
15.0,4x2,Automático,160,Estándar,2.0,6.0,Combustión,146,No,Ford,9
18.0,4x2,Automático,106,Gasolina,1.6,4.0,Combustión,105,No,Nissan,9
18.0,4x2,Manual,98,Gasolina,1.4,5.0,Combustión,89,No,Chevrolet,4
18.0,4x2,Manual,98,Gasolina,1.4,5.0,Combustión,89,No,Chevrolet,7
7.0,4x4,Automático,197,Diesel,3.2,6.0,Combustión,347,Sí,Ford,4
9.0,4x2,Automático,155,Gasolina,2.0,6.0,Combustión,148,No,Mazda,9
9.0,4x2,Automático,266,Estándar,3.5,6.0,Combustión,245,No,Toyota,9
15.0,4x2,Automático,147,Gasolina,2.0,6.0,Combustión,132,No,Kia,7
16.0,4x2,Automático,122,Gasolina,1.4,7.0,Combustión,148,Sí,Audi,9
14.0,4x2,Automático,104,Estándar,1.6,6.0,Combustión,113,No,Volkswagen,6
15.0,4x2,Automático,122,Gasolina,1.4,7.0,Combustión,148,Sí,Audi,12
13.0,4x2,Automático,181,Gasolina,2.0,8.0,Combustión,199,Sí,Bmw,8
9.0,4x2,Automático,266,Estándar,3.5,6.0,Combustión,245,No,Toyota,13
15.0,4x2,Manual,97,Gasolina,1.3,5.0,Combustión,94,No,Fiat,3
11.0,4x2,Manual,168,Gasolina,2.5,5.0,Combustión,177,No,Volkswagen,12
13.0,4x2,Automático,110,Gasolina,1.6,6.0,Combustión,114,No,Volkswagen,5
15.0,4x2,Automático,122,Gasolina,1.4,7.0,Combustión,147,Sí,Audi,12
20.0,4x2,Manual,76,Gasolina,1.2,5.0,Combustión,74,No,Dodge,5
9.0,4x2,Automático,266,Gasolina,3.5,6.0,Combustión,245,No,Toyota,12
15.0,4x2,Manual,104,Gasolina,1.6,5.0,Combustión,113,No,Volkswagen,6
9.0,4x2,Manual,110,Gasolina,1.6,5.0,Combustión,114,No,Seat,7
11.0,4x2,Automático,163,Gasolina,2.4,4.0,Combustión,166,No,Suzuki,12
12.0,4x2,Automático,138,Gasolina,1.4,6.0,Combustión,148,Sí,Chevrolet,11
9.0,4x2,Automático,266,Gasolina,3.5,6.0,Combustión,245,No,Toyota,10
9.0,4x2,Automático,250,Gasolina,3.5,5.0,Combustión,253,No,Honda,14
14.0,4x2,Manual,104,Estándar,1.6,5.0,Combustión,113,No,Volkswagen,7
10.0,4x2,Manual,138,Diesel,2.0,6.0,Combustión,250,Sí,Volkswagen,6
17.0,4x2,Automático,145,Estándar,1.8,6.0,Combustión,130,No,Hyundai,10
15.0,4x2,Manual,121,Estándar,1.6,6.0,Combustión,111,No,Kia,5
12.0,4x2,Automático,145,Gasolina,2.0,6.0,Combustión,136,No,Ford,9
10.0,4x2,Automático,236,Gasolina,4.0,5.0,Combustión,266,No,Toyota,10
13.0,4x2,Manual,140,Gasolina,1.6,6.0,Combustión,144,No,Renault,4
9.0,4x2,Automático,296,Estándar,3.5,8.0,Combustión,263,No,Toyota,8
15.0,4x2,Manual,109,Estándar,1.6,5.0,Combustión,107,No,Nissan,8
13.0,4x2,Automático,155,Gasolina,2.0,6.0,Combustión,148,No,Mazda,7
12.0,4x2,Automático,104,Estándar,1.6,4.0,Combustión,107,No,Renault,8
15.0,4x2,Manual,69,Gasolina,1.0,5.0,Combustión,68,No,Fiat,5
15.0,4x2,Manual,148,Gasolina,2.0,5.0,Combustión,135,No,Mazda,13
11.0,4x2,Automático,138,Estándar,1.8,6.0,Combustión,129,No,Chevrolet,9
15.0,4x2,Manual,104,Gasolina,1.6,5.0,Combustión,113,No,Volkswagen,7
13.0,4x2,Manual,110,Gasolina,1.6,5.0,Combustión,109,No,Renault,11
18.0,4x2,Manual,98,Estándar,1.4,5.0,Combustión,89,No,Chevrolet,8
17.0,4x2,Manual,107,Estándar,1.5,5.0,Combustión,104,No,Chevrolet,5
14.0,4x2,Manual,100,Estándar,1.4,5.0,Combustión,98,No,Suzuki,11
15.0,4x2,Automático,105,Gasolina,1.2,7.0,Combustión,129,Sí,Volkswagen,11
14.0,4x2,Manual,115,Estándar,1.6,5.0,Combustión,114,No,Chevrolet,8
6.0,4x2,Automático,250,Gasolina,3.5,6.0,Combustión,253,No,Honda,9
20.0,4x2,Manual,76,Gasolina,1.2,5.0,Combustión,74,No,Dodge,9
16.0,4x2,Manual,106,Gasolina,1.6,5.0,Combustión,105,No,Nissan,9
9.0,4x2,Automático,290,Gasolina,3.5,6.0,Combustión,265,No,Ford,6
13.0,4x2,Automático,102,Gasolina,1.5,4.0,Combustión,99,No,Toyota,5
9.0,4x2,Automático,296,Gasolina,3.5,8.0,Combustión,263,No,Toyota,5
17.0,4x2,Manual,121,Gasolina,1.5,5.0,Combustión,109,No,Ford,6
13.0,4x2,Automático,112,Gasolina,1.6,6.0,Combustión,110,No,Chevrolet,11
16.0,4x2,Manual,106,Gasolina,1.6,5.0,Combustión,105,No,Nissan,4
17.0,4x2,Manual,107,Gasolina,1.6,5.0,Combustión,104,No,Chevrolet,4
18.0,4x2,Manual,98,Estándar,1.4,5.0,Combustión,89,No,Chevrolet,7
11.0,4x2,Automático,172,Estándar,2.4,6.0,Combustión,165,No,Jeep,9
15.0,4x2,Automático,140,Gasolina,1.8,6.0,Combustión,129,No,Chevrolet,8
16.0,4x2,Manual,88,Gasolina,1.2,5.0,Combustión,88,No,Hyundai,9
15.0,4x2,Manual,97,Gasolina,1.3,5.0,Combustión,94,No,Fiat,4
18.0,4x2,Manual,81,Estándar,1.2,5.0,Combustión,80,No,Chevrolet,7
17.0,4x2,Manual,83,Gasolina,1.2,5.0,Combustión,84,Sí,Hyundai,4
16.0,4x2,Automático,103,Gasolina,1.6,4.0,Combustión,107,No,Chevrolet,9
17.0,4x2,Manual,88,Gasolina,1.2,5.0,Combustión,88,No,Hyundai,8
14.0,4x2,Manual,103,Gasolina,1.6,5.0,Combustión,107,No,Chevrolet,10
17.0,4x2,Manual,121,Gasolina,1.5,5.0,Combustión,109,No,Ford,5
21.0,4x2,Manual,76,Gasolina,1.2,5.0,Combustión,74,No,Mitsubishi,6
17.0,4x2,Manual,86,Gasolina,1.2,5.0,Combustión,88,No,Hyundai,7
16.0,4x2,Manual,120,Estándar,1.6,5.0,Combustión,112,No,Ford,9
13.0,4x2,Manual,125,Gasolina,1.8,6.0,Combustión,128,No,Nissan,10
12.0,4x2,Automático,125,Estándar,1.8,4.0,Combustión,128,No,Nissan,9
15.0,4x2,Automático,88,Gasolina,1.2,4.0,Combustión,88,No,Hyundai,8
16.0,4x2,Manual,120,Gasolina,1.6,5.0,Combustión,112,No,Ford,6
14.0,4x2,Manual,110,Gasolina,1.6,5.0,Combustión,115,No,Volkswagen,6
8.0,4x4,Automático,420,Estándar,4.0,8.0,Combustión,443,Sí,Audi,10
9.0,4x4,Automático,237,Gasolina,2.0,9.0,Combustión,251,Sí,Land Rover,6
13.0,4x2,Automático,190,Gasolina,2.0,8.0,Combustión,221,Sí,Volvo,6
9.0,4x4,Automático,271,Estándar,3.2,9.0,Combustión,239,No,Jeep,7
12.0,4x4,Automático,306,Gasolina,2.0,7.0,Combustión,295,Sí,Mercedes Benz,5
9.0,4x4,Automático,250,Gasolina,2.0,9.0,Mild Hybrid,269,Sí,Land Rover,5
7.0,4x4,Automático,420,Gasolina,6.2,8.0,Combustión,450,No,Gmc,9
6.0,4x4,Automático,400,Estándar,5.6,7.0,Combustión,413,No,Infiniti,8
9.0,4x4,Automático,365,Gasolina,3.5,6.0,Combustión,350,Sí,Ford,7
9.0,4x4,Automático,250,Gasolina,2.5,6.0,Combustión,310,Sí,Mazda,8
10.0,4x4,Automático,268,Gasolina,3.0,8.0,Combustión,295,Sí,Audi,9
15.0,4x2,Manual,250,Gasolina,2.0,6.0,Combustión,270,Sí,Ford,9
9.0,4x2,Automático,170,Gasolina,1.5,6.0,Combustión,203,Sí,Chevrolet,7
15.0,4x2,Automático,138,Gasolina,1.4,6.0,Combustión,162,Sí,Suzuki,6
30.0,4x4,Automático,313,Híbrido,2.0,8.0,Híbrido,308,Sí,Bmw,8
12.0,4x4,Automático,387,Gasolina,3.0,8.0,Combustión,369,Sí,Bmw,3
11.0,4x2,Automático,231,Gasolina,2.0,8.0,Combustión,236,Sí,Mini,5
11.0,4x2,Automático,211,Gasolina,2.0,7.0,Combustión,258,Sí,Mercedes Benz,10
9.0,4x2,Automático,290,Gasolina,3.5,6.0,Combustión,255,No,Ford,10
9.0,4x2,Automático,365,Estándar,3.5,6.0,Combustión,420,Sí,Ford,8
9.0,4x2,Automático,295,Estándar,3.5,8.0,Combustión,248,No,Toyota,8
12.0,4x2,Automático,290,Gasolina,2.0,6.0,Combustión,258,Sí,Seat,7
14.0,4x2,Automático,113,Gasolina,1.5,4.0,Combustión,111,No,Mg,4
12.0,4x4,Automático,225,Estándar,2.0,7.0,Combustión,258,Sí,Audi,10
8.0,4x4,Automático,279,Gasolina,2.5,6.0,Combustión,252,No,Acura,7
14.0,4x2,Automático,110,Gasolina,1.6,5.0,Combustión,114,No,Volkswagen,5
9.0,4x4,Automático,240,Estándar,2.0,9.0,Combustión,250,Sí,Land Rover,9
14.0,4x2,Automático,207,Gasolina,2.0,6.0,Combustión,207,Sí,Volkswagen,8
13.0,4x2,Automático,181,Estándar,2.0,7.0,Combustión,221,Sí,Mercedes Benz,8
14.0,4x2,Automático,121,Gasolina,1.6,6.0,Combustión,111,No,Hyundai,6
14.0,4x2,Automático,181,Estándar,2.4,6.0,Combustión,175,No,Hyundai,5
9.0,4x2,Automático,296,Estándar,3.5,8.0,Combustión,263,No,Toyota,7
9.0,4x2,Automático,278,Gasolina,2.4,6.0,Combustión,252,No,Honda,11
12.0,4x4,Automático,211,Gasolina,2.0,7.0,Combustión,221,Sí,Audi,10
27.0,4x2,Automático,146,Gasolina,1.6,6.0,Eléctrico,195,No,Kia,7
13.0,4x4,Automático,204,Gasolina,2.5,8.0,Combustión,243,No,Toyota,6
9.0,4x2,Automático,227,Gasolina,2.5,6.0,Combustión,310,Sí,Mazda,4
9.0,4x4,Automático,285,Estándar,2.3,6.0,Combustión,300,Sí,Lincoln,8
9.0,4x2,Automático,252,Gasolina,2.0,9.0,Combustión,258,Sí,Gmc,5
9.0,4x2,Automático,254,Gasolina,2.0,6.0,Combustión,266,Sí,Volvo,11
9.0,4x4,Automático,285,Gasolina,2.3,6.0,Combustión,300,Sí,Lincoln,8
9.0,4x2,Automático,281,Gasolina,3.6,6.0,Combustión,266,No,Chevrolet,9
13.0,4x2,Automático,120,Gasolina,1.6,7.0,Combustión,148,Sí,Mercedes Benz,9
16.0,4x2,Manual,125,Gasolina,1.4,6.0,Combustión,148,Sí,Seat,7
9.0,4x4,Automático,280,Estándar,3.5,6.0,Combustión,262,No,Honda,9
14.0,4x2,Automático,110,Gasolina,1.6,6.0,Combustión,114,No,Volkswagen,5
15.0,4x2,Manual,110,Gasolina,1.6,5.0,Combustión,114,No,Seat,7
9.0,4x4,Automático,280,Estándar,3.5,6.0,Combustión,262,No,Honda,8
13.0,4x2,Automático,184,Gasolina,2.0,8.0,Combustión,199,Sí,Bmw,5
15.0,4x2,Automático,108,Gasolina,1.2,6.0,Combustión,151,Sí,Peugeot,6
9.0,4x2,Automático,290,Gasolina,3.5,6.0,Combustión,255,No,Ford,7
14.0,4x2,Automático,138,Gasolina,1.4,7.0,Combustión,178,Sí,Hyundai,3
9.0,4x4,Automático,288,Gasolina,3.6,6.0,Combustión,270,No,Buick,11
13.0,4x2,Automático,210,Gasolina,2.0,6.0,Combustión,207,Sí,Volkswagen,10
15.0,4x2,Automático,121,Gasolina,1.6,6.0,Combustión,111,No,Kia,5
14.0,4x2,Automático,204,Gasolina,2.0,9.0,Combustión,206,Sí,Mercedes Benz,5
13.0,4x2,Automático,156,Gasolina,1.6,6.0,Combustión,147,Sí,Mercedes Benz,9
6.0,4x4,Automático,290,Gasolina,3.5,6.0,Combustión,267,No,Acura,11
12.0,4x2,Automático,172,Gasolina,2.4,6.0,Combustión,165,No,Jeep,10
10.0,4x2,Automático,321,Estándar,3.0,8.0,Combustión,331,Sí,Bmw,8
11.0,4x2,Automático,310,Estándar,2.3,6.0,Combustión,320,Sí,Ford,8
15.0,4x2,Automático,201,Gasolina,2.5,8.0,Combustión,178,No,Toyota,7
17.0,4x2,Automático,134,Gasolina,1.5,8.0,Combustión,162,Sí,Bmw,7
17.0,4x2,Manual,136,Estándar,1.5,6.0,Combustión,162,Sí,Mini,10
14.0,4x2,Automático,100,Gasolina,1.4,6.0,Combustión,98,No,Fiat,12
15.0,4x2,Automático,101,Gasolina,1.4,5.0,Combustión,98,No,Fiat,9
14.0,4x2,Automático,150,Gasolina,1.4,7.0,Combustión,184,Sí,Audi,9
6.0,4x4,Automático,304,Gasolina,3.7,6.0,Combustión,273,No,Acura,13
13.0,4x2,Automático,150,Gasolina,2.0,6.0,Combustión,141,No,Kia,7
13.0,4x2,Manual,118,Gasolina,1.6,5.0,Combustión,118,No,Peugeot,10
15.0,4x2,Manual,160,Gasolina,2.0,5.0,Combustión,146,No,Ford,8
14.0,4x2,Manual,129,Gasolina,1.8,6.0,Combustión,128,No,Nissan,7
16.0,4x2,Manual,120,Gasolina,1.6,5.0,Combustión,112,No,Ford,8
16.0,4x2,Automático,122,Gasolina,1.4,7.0,Combustión,148,Sí,Audi,12
13.0,4x4,Automático,176,Gasolina,2.5,6.0,Combustión,172,No,Toyota,11
9.0,4x2,Automático,216,Gasolina,3.0,8.0,Combustión,210,No,Mitsubishi,7
14.0,4x2,Manual,105,Gasolina,1.6,5.0,Combustión,113,No,Volkswagen,4
17.0,4x2,Automático,145,Gasolina,1.8,6.0,Combustión,130,No,Hyundai,9
17.0,4x2,Automático,145,Estándar,1.8,6.0,Combustión,130,No,Hyundai,9
13.0,4x2,Manual,115,Estándar,1.6,5.0,Combustión,117,No,Dodge,7
14.0,4x2,Automático,155,Gasolina,2.0,6.0,Combustión,148,No,Mazda,8
18.0,4x2,Automático,106,Estándar,1.6,4.0,Combustión,105,No,Nissan,8
18.0,4x2,Manual,98,Estándar,1.4,5.0,Combustión,89,No,Chevrolet,9
12.0,4x2,Automático,104,Gasolina,1.6,4.0,Combustión,107,No,Renault,8
16.0,4x2,Automático,84,Gasolina,1.0,5.0,Combustión,89,Sí,Smart,11
9.0,4x2,Automático,145,Gasolina,2.0,6.0,Combustión,136,No,Ford,8
14.0,4x2,Manual,129,Gasolina,1.8,6.0,Combustión,128,No,Nissan,9
9.0,4x2,Automático,148,Estándar,2.0,5.0,Combustión,135,No,Mazda,13
12.0,4x2,Automático,172,Gasolina,2.4,6.0,Combustión,165,No,Jeep,11
11.0,4x2,Automático,168,Gasolina,2.5,6.0,Combustión,177,No,Volkswagen,13
15.0,4x2,Manual,115,Gasolina,1.6,5.0,Combustión,114,No,Chevrolet,8
13.0,4x2,Manual,104,Estándar,1.6,5.0,Combustión,113,No,Volkswagen,11
17.0,4x2,Manual,107,Estándar,1.6,5.0,Combustión,104,No,Chevrolet,7
13.0,4x2,Automático,115,Gasolina,1.6,6.0,Combustión,114,No,Chevrolet,10
14.0,4x2,Manual,85,Gasolina,1.4,5.0,Combustión,90,No,Fiat,9
11.0,4x2,Automático,168,Gasolina,2.5,6.0,Combustión,177,No,Volkswagen,10
17.0,4x2,Manual,81,Gasolina,1.2,5.0,Combustión,80,No,Chevrolet,8
14.0,4x2,Manual,121,Gasolina,1.6,6.0,Combustión,111,No,Kia,3
6.0,4x2,Automático,360,Gasolina,5.0,6.0,Combustión,380,No,Ford,12
13.0,4x2,Automático,155,Gasolina,2.0,6.0,Combustión,148,No,Mazda,8
16.0,4x2,Manual,120,Estándar,1.6,5.0,Combustión,112,No,Ford,8
16.0,4x2,Manual,140,Estándar,1.8,5.0,Combustión,129,No,Chevrolet,5
18.0,4x2,Automático,148,Estándar,2.0,6.0,Combustión,273,Sí,Peugeot,6
6.0,4x4,Automático,360,Estándar,5.7,6.0,Combustión,390,No,Jeep,13
8.0,4x4,Automático,224,Gasolina,2.0,8.0,Combustión,258,Sí,Mercedes Benz,4
7.0,4x4,Automático,420,Gasolina,6.2,8.0,Combustión,460,No,Cadillac,6
9.0,4x4,Automático,240,Gasolina,2.0,9.0,Combustión,250,Sí,Land Rover,10
12.0,4x4,Automático,320,Gasolina,2.0,8.0,Combustión,295,Sí,Volvo,8
9.0,4x4,Automático,240,Gasolina,2.0,9.0,Combustión,250,Sí,Land Rover,9
11.0,4x2,Automático,231,Estándar,2.0,6.0,Combustión,236,Sí,Mini,7
10.0,4x2,Automático,327,Gasolina,3.7,7.0,Combustión,269,No,Infiniti,9
9.0,4x4,Automático,222,Gasolina,2.0,8.0,Combustión,258,Sí,Audi,11
12.0,4x4,Automático,252,Gasolina,2.5,7.0,Combustión,273,Sí,Audi,8
10.0,4x4,Automático,249,Gasolina,2.0,8.0,Combustión,258,Sí,Bmw,5
12.0,4x4,Automático,306,Gasolina,2.0,7.0,Combustión,295,Sí,Mercedes Benz,4
13.0,4x2,Automático,136,Gasolina,2.0,7.0,Combustión,162,Sí,Mini,5
9.0,4x2,Automático,290,Gasolina,3.5,6.0,Combustión,255,No,Ford,8
9.0,4x4,Automático,290,Gasolina,3.3,6.0,Combustión,252,No,Kia,8
9.0,4x2,Automático,240,Estándar,2.0,6.0,Combustión,270,Sí,Ford,8
9.0,4x4,Automático,250,Gasolina,2.5,6.0,Combustión,310,Sí,Mazda,6
13.0,4x2,Automático,138,Estándar,1.4,6.0,Combustión,148,Sí,Buick,7
11.0,4x2,Manual,168,Estándar,2.5,5.0,Combustión,177,No,Volkswagen,8
8.0,4x4,Automático,273,Gasolina,3.7,6.0,Combustión,270,No,Mazda,10
9.0,4x2,Automático,271,Estándar,3.2,9.0,Combustión,239,No,Jeep,6
27.0,4x2,Automático,146,Híbrido,1.6,6.0,Eléctrico,195,No,Kia,7
14.0,4x2,Automático,188,Estándar,2.5,6.0,Combustión,184,No,Mazda,9
9.0,4x2,Automático,182,Estándar,2.4,6.0,Combustión,172,No,Chevrolet,9
12.0,4x4,Automático,180,Gasolina,2.0,7.0,Combustión,236,Sí,Audi,8
12.0,4x2,Automático,130,Gasolina,1.8,6.0,Combustión,134,No,Jeep,4
12.0,4x2,Automático,181,Estándar,2.0,8.0,Combustión,199,Sí,Bmw,7
19.0,4x2,Manual,110,Estándar,1.0,5.0,Combustión,125,Sí,Suzuki,6
8.0,4x2,Automático,335,Gasolina,3.6,8.0,Combustión,285,No,Chevrolet,9
9.0,4x2,Automático,270,Estándar,3.5,6.0,Combustión,248,No,Toyota,10
9.0,4x2,Manual,186,Gasolina,2.5,6.0,Combustión,186,No,Mazda,3
19.0,4x2,Manual,110,Gasolina,1.0,6.0,Combustión,109,Sí,Seat,7
11.0,4x4,Automático,176,Gasolina,2.5,6.0,Combustión,172,No,Toyota,10
9.0,4x4,Automático,288,Gasolina,3.6,6.0,Combustión,270,No,Buick,9
17.0,4x2,Manual,110,Estándar,1.2,6.0,Combustión,129,Sí,Seat,8
15.0,4x2,Manual,125,Gasolina,1.4,6.0,Combustión,148,Sí,Audi,9
9.0,4x2,Automático,281,Gasolina,3.6,6.0,Combustión,266,No,Chevrolet,10
12.0,4x2,Automático,153,Gasolina,2.0,6.0,Combustión,142,No,Kia,6
13.0,4x2,Automático,192,Gasolina,2.0,6.0,Combustión,207,Sí,Mini,8
9.0,4x2,Automático,268,Gasolina,3.5,6.0,Combustión,248,No,Toyota,13
15.0,4x2,Automático,150,Estándar,2.0,6.0,Combustión,142,No,Kia,8
15.0,4x2,Manual,160,Estándar,1.4,5.0,Combustión,170,Sí,Fiat,8
15.0,4x2,Manual,170,Estándar,1.4,6.0,Combustión,184,Sí,Alfa Romeo,7
14.0,4x2,Automático,105,Gasolina,1.6,5.0,Combustión,113,No,Volkswagen,5
14.0,4x2,Manual,106,Gasolina,1.6,5.0,Combustión,105,No,Nissan,8
13.0,4x2,Automático,185,Gasolina,2.4,6.0,Combustión,178,No,Kia,8
15.0,4x2,Automático,125,Gasolina,1.4,7.0,Combustión,148,Sí,Audi,9
9.0,4x4,Automático,253,Estándar,3.5,5.0,Combustión,256,No,Honda,13
8.0,4x2,Automático,173,Gasolina,2.4,4.0,Combustión,166,No,Dodge,9
18.0,4x2,Manual,109,Gasolina,1.5,6.0,Combustión,104,No,Mazda,4
16.0,4x2,Automático,107,Gasolina,1.5,6.0,Combustión,104,No,Chevrolet,4
11.0,4x2,Automático,177,Gasolina,2.0,6.0,Combustión,177,Sí,Baic X65,6
13.0,4x2,Manual,110,Gasolina,1.6,5.0,Combustión,84,No,Seat,6
15.0,4x2,Automático,161,Gasolina,1.6,7.0,Combustión,184,Sí,Mercedes Benz,6
16.0,4x2,Automático,107,Estándar,1.5,6.0,Combustión,104,No,Chevrolet,7
13.0,4x2,Automático,115,Gasolina,1.6,5.0,Combustión,118,No,Fiat,8
6.0,4x2,Automático,250,Gasolina,3.5,6.0,Combustión,253,No,Honda,11
15.0,4x2,Manual,104,Gasolina,1.6,5.0,Combustión,113,No,Volkswagen,10
15.0,4x2,Manual,160,Estándar,1.4,5.0,Combustión,184,Sí,Fiat,11
11.0,4x2,Automático,168,Gasolina,2.5,6.0,Combustión,177,No,Volkswagen,7
14.0,4x2,Manual,104,Gasolina,1.6,5.0,Combustión,113,No,Volkswagen,9
15.0,4x2,Manual,121,Gasolina,1.6,6.0,Combustión,111,No,Kia,7
16.0,4x2,Automático,86,Gasolina,1.2,4.0,Combustión,88,No,Hyundai,5
12.0,4x2,Manual,130,Estándar,1.5,6.0,Combustión,114,No,Honda,9
10.0,4x2,Automático,113,Gasolina,1.6,6.0,Combustión,111,No,Peugeot,5
8.0,4x2,Automático,177,Estándar,2.4,5.0,Combustión,164,No,Honda,13
17.0,4x2,Manual,106,Gasolina,1.5,5.0,Combustión,103,No,Toyota,11
17.0,4x2,Manual,107,Estándar,1.5,5.0,Combustión,104,No,Toyota,6
14.0,4x2,Manual,112,Gasolina,1.6,5.0,Combustión,110,No,Chevrolet,12
14.0,4x2,Manual,100,Gasolina,1.4,5.0,Combustión,98,No,Suzuki,10
20.0,4x2,Manual,76,Gasolina,1.2,5.0,Combustión,74,No,Dodge,7
9.0,4x2,Manual,158,Diesel,2.4,6.0,Combustión,172,No,Nissan,8
9.0,4x2,Manual,126,Gasolina,2.4,5.0,Combustión,143,No,Mitsubishi,6
17.0,4x2,Manual,110,Estándar,1.6,5.0,Combustión,114,No,Seat,8
19.0,4x2,Manual,100,Gasolina,1.4,5.0,Combustión,98,No,Suzuki,12
17.0,4x2,Manual,107,Estándar,1.5,5.0,Combustión,104,No,Toyota,7
17.0,4x2,Manual,100,Gasolina,1.6,5.0,Combustión,105,No,Volkswagen,7
9.0,4x2,Manual,166,Gasolina,2.5,6.0,Combustión,178,No,Nissan,7
9.0,4x4,Automático,310,Gasolina,3.6,8.0,Combustión,274,No,Cadillac,7
7.0,4x4,Automático,340,Estándar,3.0,8.0,Motor Supercargado,332,Sí,Land Rover,10
7.0,4x2,Automático,287,Estándar,3.6,9.0,Combustión,262,No,Chrysler,8
14.0,4x2,Automático,220,Gasolina,2.0,6.0,Combustión,258,Sí,Volkswagen,8
9.0,4x4,Automático,310,Estándar,3.6,6.0,Combustión,271,No,Gmc,8
13.0,4x2,Automático,192,Estándar,2.0,7.0,Combustión,206,Sí,Mini,6
17.0,4x2,Automático,140,Gasolina,1.4,7.0,Combustión,184,Sí,Seat,10
15.0,4x2,Manual,250,Gasolina,2.0,6.0,Combustión,270,Sí,Ford,8
12.0,4x2,Automático,181,Gasolina,2.4,6.0,Combustión,175,No,Kia,7
9.0,4x2,Automático,300,Estándar,3.7,6.0,Combustión,277,No,Lincoln,11
11.0,4x4,Automático,249,Híbrido,2.0,7.0,Mild Hybrid,273,Sí,Audi,4
5.0,4x4,Automático,420,Estándar,4.8,8.0,Combustión,406,Sí,Porsche,10
15.0,4x2,Automático,138,Gasolina,1.4,6.0,Combustión,162,Sí,Suzuki,5
11.0,4x2,Automático,192,Gasolina,2.0,7.0,Combustión,206,Sí,Bmw,4
12.0,4x2,Automático,181,Gasolina,2.4,6.0,Combustión,175,No,Kia,8
8.0,4x4,Automático,273,Gasolina,3.7,6.0,Combustión,270,No,Mazda,12
15.0,4x2,Automático,163,Gasolina,1.6,7.0,Combustión,184,Sí,Mercedes Benz,5
15.0,4x2,Automático,154,Gasolina,1.6,7.0,Combustión,184,Sí,Mercedes Benz,7
15.0,4x2,Automático,125,Estándar,1.4,7.0,Combustión,148,Sí,Audi,7
11.0,4x2,Automático,245,Gasolina,2.0,6.0,Combustión,260,Sí,Kia,9
15.0,4x2,Automático,148,Gasolina,1.4,7.0,Combustión,184,Sí,Volkswagen,8
10.0,4x2,Automático,240,Gasolina,2.0,6.0,Combustión,260,Sí,Hyundai,8
8.0,4x2,Manual,188,Gasolina,2.5,6.0,Combustión,184,No,Mazda,8
19.0,4x2,Manual,134,Gasolina,1.6,6.0,Combustión,110,No,Suzuki,9
12.0,4x2,Automático,181,Gasolina,2.0,8.0,Combustión,214,Sí,Bmw,7
15.0,4x2,Automático,134,Gasolina,1.5,6.0,Combustión,162,Sí,Bmw,8
11.0,4x2,Automático,138,Gasolina,1.4,7.0,Combustión,179,Sí,Kia,4
15.0,4x2,Automático,138,Estándar,1.5,7.0,Combustión,162,Sí,Bmw,7
17.0,4x2,Automático,136,Gasolina,1.5,6.0,Combustión,162,Sí,Mini,10
9.0,4x2,Automático,301,Gasolina,3.6,6.0,Combustión,272,No,Gmc,11
15.0,4x2,Manual,118,Gasolina,1.6,5.0,Combustión,115,No,Suzuki,4
17.0,4x2,Automático,136,Gasolina,1.5,6.0,Combustión,162,Sí,Mini,9
13.0,4x2,Automático,138,Estándar,1.4,6.0,Combustión,148,Sí,Buick,6
11.0,4x2,Automático,163,Gasolina,2.4,4.0,Combustión,166,No,Suzuki,10
7.0,4x2,Automático,305,Gasolina,3.6,8.0,Combustión,268,No,Dodge,6
9.0,4x2,Automático,181,Estándar,2.0,7.0,Combustión,199,Sí,Mercedes Benz,11
9.0,4x2,Automático,288,Estándar,3.6,6.0,Combustión,270,No,Gmc,9
15.0,4x2,Automático,152,Gasolina,1.6,6.0,Combustión,184,Sí,Volvo,9
15.0,4x2,Automático,201,Estándar,2.5,8.0,Combustión,178,No,Toyota,7
13.0,4x2,Automático,150,Estándar,2.0,6.0,Combustión,141,No,Kia,6
9.0,4x2,Automático,281,Estándar,3.6,6.0,Combustión,266,No,Chevrolet,8
16.0,4x2,Automático,121,Estándar,1.6,6.0,Combustión,111,No,Hyundai,7
10.0,4x2,Automático,112,Gasolina,1.6,4.0,Combustión,111,No,Peugeot,9
16.0,4x2,Automático,140,Estándar,1.8,5.0,Combustión,128,No,Honda,10
11.0,4x2,Automático,172,Gasolina,2.4,6.0,Combustión,165,No,Jeep,9
10.0,4x2,Automático,173,Estándar,2.4,4.0,Combustión,166,No,Dodge,8
16.0,4x2,Automático,150,Estándar,1.4,7.0,Combustión,184,Sí,Audi,7
15.0,4x2,Manual,147,Estándar,2.0,6.0,Combustión,132,No,Kia,7
11.0,4x2,Automático,176,Estándar,2.5,6.0,Combustión,172,No,Toyota,12
9.0,4x2,Automático,186,Estándar,2.5,6.0,Combustión,186,No,Mazda,6
13.0,4x2,Automático,185,Estándar,2.4,6.0,Combustión,178,No,Kia,9
16.0,4x2,Automático,140,Gasolina,1.8,5.0,Combustión,128,No,Honda,13
11.0,4x2,Automático,168,Gasolina,2.5,6.0,Combustión,177,No,Volkswagen,12
16.0,4x2,Manual,107,Gasolina,1.5,5.0,Combustión,104,No,Toyota,5
15.0,4x2,Automático,140,Estándar,1.8,6.0,Combustión,129,No,Chevrolet,11
20.0,4x2,Automático,90,Estándar,1.0,5.0,Combustión,67,Sí,Smart,7
15.0,4x2,Automático,130,Gasolina,1.2,6.0,Combustión,140,Sí,Chevrolet,4
11.0,4x2,Automático,133,Gasolina,2.0,4.0,Combustión,142,No,Renault,12
10.0,4x2,Automático,140,Estándar,1.8,5.0,Combustión,128,No,Honda,13
18.0,4x2,Manual,98,Gasolina,1.4,5.0,Combustión,89,No,Chevrolet,9
8.0,4x2,Manual,166,Estándar,2.7,5.0,Combustión,180,No,Toyota,6
20.0,4x2,Automático,100,Estándar,1.4,4.0,Combustión,98,No,Suzuki,8
15.0,4x2,Automático,130,Gasolina,6.2,6.0,Combustión,140,Sí,Chevrolet,3
15.0,4x2,Manual,104,Gasolina,1.6,5.0,Combustión,109,No,Renault,9
9.0,4x2,Automático,148,Gasolina,2.0,5.0,Combustión,135,No,Mazda,12
18.0,4x2,Manual,98,Estándar,1.4,5.0,Combustión,89,No,Chevrolet,5
9.0,4x2,Manual,126,Gasolina,2.4,5.0,Combustión,143,No,Mitsubishi,8
14.0,4x2,Manual,103,Estándar,1.6,5.0,Combustión,107,No,Chevrolet,10
9.0,4x2,Manual,166,Gasolina,2.4,6.0,Combustión,178,No,Nissan,7
8.0,4x2,Manual,166,Gasolina,2.7,5.0,Combustión,180,No,Toyota,6
17.0,4x2,Manual,107,Estándar,1.6,5.0,Combustión,104,No,Chevrolet,6
18.0,4x2,Manual,88,Gasolina,1.2,5.0,Combustión,88,No,Hyundai,9
11.0,4x2,Automático,240,Estándar,2.0,8.0,Combustión,251,Sí,Jaguar Xe,9
12.0,4x4,Automático,249,Gasolina,2.0,8.0,Mild Hybrid,258,Sí,Volvo,3
9.0,4x4,Automático,305,Gasolina,3.6,9.0,Combustión,259,No,Buick,5
9.0,4x4,Automático,234,Gasolina,2.0,9.0,Combustión,251,Sí,Land Rover,7
7.0,4x4,Automático,390,Estándar,5.0,7.0,Combustión,369,No,Infiniti,10
9.0,4x4,Automático,290,Gasolina,3.5,6.0,Combustión,255,No,Ford,9
7.0,4x4,Automático,306,Gasolina,3.0,8.0,Combustión,295,Sí,Bmw,7
14.0,4x4,Automático,181,Gasolina,1.5,8.0,Combustión,190,Sí,Ford,3
11.0,4x2,Automático,228,Estándar,2.5,6.0,Combustión,310,Sí,Mazda,6
6.0,4x2,Automático,360,Gasolina,5.7,8.0,Combustión,390,No,Dodge,7
8.0,4x4,Automático,375,Gasolina,3.5,10.0,Combustión,470,Sí,Ford,8
13.0,4x4,Automático,176,Estándar,2.5,6.0,Combustión,172,No,Toyota,8
6.0,4x2,Automático,360,Gasolina,5.7,8.0,Combustión,390,No,Dodge,11
28.0,4x2,Automático,139,Híbrido,1.6,6.0,Eléctrico,109,No,Hyundai,7
8.0,4x4,Automático,327,Gasolina,3.7,7.0,Combustión,267,No,Infiniti,9
11.0,4x2,Automático,228,Gasolina,2.5,6.0,Combustión,310,Sí,Mazda,4
14.0,4x2,Automático,158,Estándar,1.4,6.0,Combustión,177,Sí,Volkswagen,10
9.0,4x2,Automático,154,Gasolina,2.0,6.0,Combustión,148,No,Bmw,13
9.0,4x2,Automático,188,Gasolina,2.5,6.0,Combustión,184,No,Mazda,9
13.0,4x2,Manual,118,Gasolina,1.6,5.0,Combustión,118,No,Peugeot,8
12.0,4x2,Automático,185,Gasolina,3.3,6.0,Combustión,178,No,Kia,6
13.0,4x2,Automático,156,Estándar,1.6,6.0,Combustión,184,Sí,Mercedes Benz,8
7.0,4x2,Automático,305,Estándar,3.6,8.0,Combustión,268,No,Dodge,9
15.0,4x2,Automático,148,Gasolina,2.0,6.0,Combustión,144,No,Mazda,5
15.0,4x2,Manual,110,Gasolina,1.6,5.0,Combustión,114,No,Seat,9
9.0,4x4,Automático,300,Gasolina,2.0,9.0,Combustión,295,Sí,Land Rover,6
9.0,4x2,Automático,186,Gasolina,2.0,6.0,Combustión,186,No,Mazda,4
12.0,4x2,Automático,140,Gasolina,2.0,4.0,Combustión,144,No,Renault,4
18.0,4x2,Automático,109,Gasolina,1.5,6.0,Combustión,104,No,Mazda,5
14.0,4x2,Manual,155,Gasolina,2.0,6.0,Combustión,148,No,Mazda,9
11.0,4x2,Automático,176,Gasolina,2.5,6.0,Combustión,172,No,Toyota,12
9.0,4x2,Automático,188,Gasolina,2.5,6.0,Combustión,184,No,Mazda,11
15.0,4x2,Manual,130,Gasolina,1.5,6.0,Combustión,114,No,Honda,5
12.0,4x2,Manual,112,Gasolina,1.5,5.0,Combustión,108,No,Jac,6
12.0,4x2,Manual,200,Gasolina,2.0,6.0,Combustión,206,Sí,Volkswagen,12
20.0,4x2,Manual,71,Estándar,1.0,5.0,Combustión,67,No,Smart,9
14.0,4x2,Manual,89,Diesel,1.6,5.0,Combustión,159,Sí,Peugeot,6
15.0,4x2,Automático,160,Estándar,2.0,6.0,Combustión,146,No,Ford,10
17.0,4x2,Automático,140,Estándar,1.8,5.0,Combustión,128,No,Honda,10
15.0,4x2,Automático,130,Gasolina,1.2,6.0,Combustión,140,Sí,Chevrolet,3
14.0,4x2,Manual,85,Gasolina,1.4,5.0,Combustión,90,No,Fiat,8
15.0,4x2,Manual,69,Estándar,1.0,5.0,Combustión,68,No,Fiat,7
15.0,4x2,Manual,121,Gasolina,1.6,6.0,Combustión,111,No,Hyundai,3
17.0,4x2,Automático,88,Gasolina,1.2,4.0,Combustión,88,No,Hyundai,5
15.0,4x2,Manual,69,Gasolina,1.0,5.0,Combustión,68,No,Fiat,8
15.0,4x2,Automático,100,Gasolina,1.6,5.0,Combustión,105,No,Volkswagen,7
15.0,4x2,Automático,88,Gasolina,1.2,4.0,Combustión,88,No,Hyundai,9
7.0,4x2,Automático,360,Gasolina,5.0,6.0,Combustión,380,No,Ford,11
9.0,4x2,Automático,306,Estándar,3.5,7.0,Combustión,273,No,Mercedes Benz,10
15.0,4x2,Automático,150,Gasolina,1.4,6.0,Combustión,184,Sí,Seat,5
7.0,4x4,Automático,420,Estándar,6.2,8.0,Combustión,460,No,Cadillac,8
9.0,4x2,Automático,184,Estándar,2.4,9.0,Combustión,171,No,Jeep,8
7.0,4x4,Automático,242,Estándar,3.0,8.0,Combustión,258,Sí,Bmw,9
12.0,4x2,Automático,181,Gasolina,2.4,6.0,Combustión,175,No,Kia,5
9.0,4x2,Automático,300,Estándar,3.7,6.0,Combustión,277,No,Lincoln,9
13.0,4x2,Automático,205,Gasolina,1.6,8.0,Combustión,221,Sí,Peugeot,6
15.0,4x2,Automático,138,Estándar,1.4,6.0,Combustión,162,Sí,Suzuki,7
12.0,4x2,Automático,272,Estándar,2.0,8.0,Combustión,260,Sí,Cadillac,8
9.0,4x4,Automático,250,Gasolina,2.5,6.0,Combustión,310,Sí,Mazda,9
17.0,4x2,Automático,136,Gasolina,1.5,7.0,Combustión,162,Sí,Mini,4
9.0,4x2,Automático,204,Gasolina,2.0,9.0,Combustión,206,Sí,Mercedes Benz,5
6.0,4x4,Automático,290,Gasolina,3.5,9.0,Combustión,267,No,Acura,7
11.0,4x2,Automático,170,Estándar,2.5,6.0,Combustión,177,No,Volkswagen,6
9.0,4x2,Automático,365,Gasolina,3.5,6.0,Combustión,420,Sí,Ford,9
10.0,4x4,Automático,221,Diesel,3.0,8.0,Combustión,369,Sí,Volkswagen,7
14.0,4x2,Automático,150,Gasolina,1.4,6.0,Combustión,184,Sí,Volkswagen,4
12.0,4x2,Automático,165,Gasolina,1.6,6.0,Combustión,177,Sí,Peugeot,4
9.0,4x2,Automático,237,Gasolina,1.8,6.0,Combustión,251,Sí,Alfa Romeo,6
13.0,4x2,Automático,136,Gasolina,1.5,6.0,Combustión,162,Sí,Mini,5
9.0,4x2,Automático,290,Gasolina,3.6,8.0,Combustión,260,No,Jeep,8
17.0,4x2,Automático,148,Estándar,1.4,7.0,Combustión,184,Sí,Volkswagen,7
12.0,4x2,Automático,235,Gasolina,2.0,8.0,Combustión,260,Sí,Hyundai,5
12.0,4x2,Automático,245,Gasolina,2.0,8.0,Combustión,258,Sí,Volvo,8
12.0,4x2,Automático,185,Estándar,2.4,6.0,Combustión,178,No,Kia,5
13.0,4x2,Automático,138,Gasolina,1.4,6.0,Combustión,148,Sí,Buick,9
19.0,4x2,Manual,82,Gasolina,1.2,5.0,Combustión,83,No,Suzuki,8
11.0,4x2,Automático,242,Estándar,2.0,8.0,Combustión,258,Sí,Bmw,9
11.0,4x2,Automático,130,Gasolina,1.2,6.0,Combustión,170,Sí,Peugeot,4
9.0,4x4,Automático,288,Estándar,3.6,6.0,Combustión,270,No,Gmc,10
9.0,4x2,Automático,295,Estándar,3.5,8.0,Combustión,248,No,Toyota,7
12.0,4x2,Automático,181,Estándar,2.0,8.0,Combustión,199,Sí,Bmw,9
9.0,4x2,Automático,190,Gasolina,2.0,6.0,Combustión,221,Sí,Volvo,7
13.0,4x2,Automático,154,Estándar,1.6,7.0,Combustión,184,Sí,Mercedes Benz,12
14.0,4x2,Automático,188,Gasolina,2.5,6.0,Combustión,184,No,Mazda,10
14.0,4x2,Automático,202,Gasolina,1.6,7.0,Combustión,195,Sí,Kia,8
9.0,4x2,Automático,301,Gasolina,3.6,6.0,Combustión,265,No,Gmc,12
13.0,4x2,Automático,181,Gasolina,1.6,8.0,Combustión,199,Sí,Bmw,6
8.0,4x2,Automático,173,Gasolina,2.4,4.0,Combustión,166,No,Dodge,8
9.0,4x4,Automático,285,Gasolina,3.6,5.0,Combustión,260,No,Jeep,10
13.0,4x2,Automático,197,Estándar,2.5,6.0,Combustión,191,No,Chevrolet,11
9.0,4x2,Automático,266,Gasolina,3.5,6.0,Combustión,245,No,Toyota,14
14.0,4x2,Automático,150,Estándar,1.4,7.0,Combustión,184,Sí,Audi,9
13.0,4x2,Automático,181,Estándar,2.0,8.0,Combustión,199,Sí,Bmw,8
10.0,4x2,Automático,323,Estándar,3.6,6.0,Combustión,278,No,Chevrolet,10
14.0,4x2,Manual,108,Gasolina,1.6,6.0,Combustión,114,No,Volkswagen,8
10.0,4x2,Automático,166,Gasolina,2.4,7.0,Combustión,178,No,Nissan,4
14.0,4x2,Automático,121,Gasolina,1.6,6.0,Combustión,111,No,Kia,5
15.0,4x2,Manual,160,Estándar,2.0,5.0,Combustión,146,No,Ford,9
14.0,4x2,Automático,104,Estándar,1.6,6.0,Combustión,113,No,Volkswagen,8
14.0,4x2,Manual,89,Diesel,1.6,5.0,Combustión,159,Sí,Peugeot,7
9.0,4x2,Automático,168,Estándar,2.5,6.0,Combustión,170,No,Ford,7
18.0,4x2,Automático,106,Estándar,1.5,6.0,Combustión,103,No,Mazda,7
11.0,4x2,Manual,140,Estándar,1.8,5.0,Combustión,128,No,Honda,11
14.0,4x2,Automático,120,Gasolina,1.6,6.0,Combustión,112,No,Kia,6
9.0,4x2,Automático,148,Estándar,2.0,5.0,Combustión,135,No,Mazda,12
10.0,4x2,Automático,172,Gasolina,2.4,6.0,Combustión,165,No,Jeep,8
9.0,4x2,Automático,290,Estándar,3.3,6.0,Combustión,252,No,Kia,7
13.0,4x2,Automático,181,Gasolina,2.0,6.0,Combustión,151,No,Mazda,6
17.0,4x2,Manual,105,Gasolina,1.5,5.0,Combustión,105,No,Ford,8
13.0,4x2,Automático,102,Gasolina,1.5,4.0,Combustión,99,No,Toyota,9
11.0,4x2,Automático,113,Gasolina,2.0,6.0,Combustión,122,No,Volkswagen,10
15.0,4x2,Manual,110,Diesel,1.2,5.0,Combustión,184,Sí,Volkswagen,5
8.0,4x2,Automático,250,Gasolina,2.0,8.0,Combustión,275,Sí,Ford,5
12.0,4x4,Automático,254,Gasolina,2.0,8.0,Combustión,258,Sí,Volvo,5
9.0,4x2,Automático,250,Gasolina,2.0,8.0,Combustión,275,Sí,Ford,5
7.0,4x4,Automático,355,Gasolina,5.3,6.0,Combustión,383,No,Chevrolet,6
10.0,4x4,Automático,261,Gasolina,2.0,10.0,Combustión,280,Sí,Acura,4
8.0,4x4,Automático,276,Gasolina,3.6,8.0,Combustión,266,No,Volkswagen,8
18.0,4x2,Automático,150,Gasolina,1.4,7.0,Combustión,184,Sí,Seat,6
7.0,4x4,Automático,360,Estándar,5.7,8.0,Combustión,390,No,Jeep,10
11.0,4x2,Automático,163,Estándar,2.4,4.0,Combustión,166,No,Suzuki,8
9.0,4x2,Automático,280,Gasolina,2.5,6.0,Combustión,250,No,Ford,9
12.0,4x4,Automático,225,Gasolina,2.0,7.0,Combustión,258,Sí,Audi,9
6.0,4x4,Automático,290,Gasolina,3.7,9.0,Combustión,267,No,Acura,9
16.0,4x2,Manual,148,Gasolina,1.4,6.0,Combustión,184,Sí,Volkswagen,6
11.0,4x2,Automático,249,Gasolina,2.0,7.0,Combustión,273,Sí,Audi,8
10.0,4x2,Automático,186,Gasolina,2.5,6.0,Combustión,184,No,Mazda,10
14.0,4x2,Automático,201,Gasolina,1.6,7.0,Combustión,195,Sí,Kia,6
14.0,4x2,Automático,189,Gasolina,2.0,7.0,Combustión,207,Sí,Bmw,6
19.0,4x2,Automático,110,Gasolina,1.0,5.0,Combustión,125,Sí,Suzuki,4
7.0,4x2,Automático,295,Gasolina,3.6,8.0,Combustión,260,No,Dodge,5
6.0,4x2,Automático,381,Estándar,5.7,6.0,Combustión,401,No,Toyota,10
9.0,4x2,Automático,268,Gasolina,3.5,6.0,Combustión,248,No,Toyota,10
6.0,4x2,Automático,290,Gasolina,3.5,6.0,Combustión,267,No,Acura,11
9.0,4x2,Automático,295,Gasolina,3.6,8.0,Combustión,260,No,Jeep,6
15.0,4x2,Automático,178,Gasolina,2.5,6.0,Combustión,170,No,Toyota,11
9.0,4x2,Automático,250,Gasolina,3.5,6.0,Combustión,253,No,Honda,9
13.0,4x2,Automático,156,Gasolina,1.6,7.0,Combustión,184,Sí,Mercedes Benz,10
15.0,4x2,Automático,160,Gasolina,2.0,6.0,Combustión,146,No,Ford,8
15.0,4x2,Automático,152,Gasolina,1.6,6.0,Combustión,184,Sí,Volvo,7
13.0,4x2,Automático,110,Gasolina,1.6,6.0,Combustión,112,No,Dodge,7
15.0,4x2,Automático,148,Gasolina,2.0,6.0,Combustión,141,No,Mazda,9
7.0,4x2,Automático,283,Gasolina,4.0,6.0,Combustión,260,No,Chrysler,11
16.0,4x2,Automático,130,Estándar,1.2,6.0,Combustión,141,Sí,Chevrolet,4
14.0,4x2,Automático,105,Estándar,1.6,6.0,Combustión,113,No,Volkswagen,5
12.0,4x2,Automático,164,Gasolina,2.0,6.0,Combustión,146,No,Ford,6
14.0,4x2,Automático,204,Gasolina,2.5,8.0,Combustión,243,No,Toyota,6
8.0,4x4,Automático,285,Estándar,3.6,5.0,Combustión,260,No,Jeep,12
12.0,4x4,Automático,178,Diesel,2.4,6.0,Combustión,317,Sí,Mitsubishi,3
17.0,4x2,Automático,147,Gasolina,2.0,6.0,Combustión,132,No,Hyundai,6
14.0,4x2,Manual,118,Gasolina,1.6,6.0,Combustión,114,No,Jac,6
15.0,4x2,Automático,104,Gasolina,1.6,6.0,Combustión,113,No,Volkswagen,10
14.0,4x2,Manual,113,Gasolina,1.5,6.0,Combustión,106,No,Hyundai,4
13.0,4x2,Manual,181,Gasolina,2.0,6.0,Combustión,151,No,Mazda,4
13.0,4x2,Automático,102,Gasolina,1.5,4.0,Combustión,99,No,Toyota,4
17.0,4x2,Automático,107,Gasolina,1.5,6.0,Combustión,104,No,Chevrolet,6
17.0,4x2,Manual,83,Gasolina,1.2,5.0,Combustión,84,No,Hyundai,3
16.0,4x2,Automático,86,Gasolina,1.2,4.0,Combustión,88,No,Hyundai,7
12.0,4x2,Manual,113,Estándar,2.0,5.0,Combustión,122,No,Volkswagen,10
7.0,4x4,Automático,420,Estándar,6.2,8.0,Combustión,460,No,Cadillac,10
5.0,4x4,Automático,557,Estándar,5.5,7.0,Combustión,561,Sí,Mercedes Benz,11
9.0,4x4,Automático,305,Gasolina,3.6,9.0,Combustión,259,No,Buick,6
15.0,4x2,Automático,150,Gasolina,1.4,6.0,Combustión,184,Sí,Seat,6
12.0,4x2,Automático,272,Estándar,2.0,6.0,Combustión,260,Sí,Cadillac,10
8.0,4x2,Automático,245,Estándar,2.0,6.0,Combustión,275,Sí,Ford,7
9.0,4x4,Automático,216,Gasolina,3.0,8.0,Combustión,210,No,Mitsubishi,6
11.0,4x2,Automático,246,Estándar,2.0,8.0,Combustión,269,Sí,Jaguar Xe,7
10.0,4x4,Automático,302,Gasolina,3.0,8.0,Combustión,295,Sí,Bmw,7
8.0,4x4,Automático,279,Gasolina,2.5,6.0,Combustión,252,No,Acura,9
12.0,4x2,Automático,130,Estándar,1.8,6.0,Combustión,134,No,Jeep,5
17.0,4x2,Automático,148,Gasolina,1.4,7.0,Combustión,184,Sí,Volkswagen,6
5.0,4x4,Automático,420,Estándar,3.6,8.0,Combustión,406,Sí,Porsche,9
14.0,4x2,Automático,150,Gasolina,1.4,6.0,Combustión,184,Sí,Volkswagen,3
20.0,4x2,Automático,100,Gasolina,1.4,4.0,Combustión,98,No,Suzuki,8
13.0,4x2,Automático,192,Estándar,2.0,6.0,Combustión,207,Sí,Mini,8
19.0,4x2,Manual,110,Gasolina,1.0,6.0,Combustión,118,Sí,Suzuki,4
14.0,4x2,Automático,192,Gasolina,2.0,7.0,Combustión,206,Sí,Bmw,3
19.0,4x2,Manual,110,Gasolina,1.0,5.0,Combustión,125,Sí,Suzuki,7
12.0,4x2,Automático,181,Gasolina,2.0,8.0,Combustión,199,Sí,Bmw,11
13.0,4x2,Automático,154,Gasolina,1.6,7.0,Combustión,184,Sí,Mercedes Benz,11
9.0,4x2,Automático,250,Estándar,3.5,6.0,Combustión,253,No,Honda,11
8.0,4x4,Automático,340,Estándar,3.0,7.0,Combustión,339,Sí,Porsche,8
9.0,4x2,Automático,250,Estándar,3.5,6.0,Combustión,253,No,Honda,12
8.0,4x2,Manual,460,Gasolina,5.0,6.0,Combustión,420,No,Ford,7
12.0,4x2,Automático,113,Gasolina,1.6,5.0,Combustión,117,No,Fiat,5
15.0,4x2,Manual,147,Gasolina,2.0,6.0,Combustión,132,No,Hyundai,5
18.0,4x2,Manual,106,Estándar,1.5,6.0,Combustión,103,No,Mazda,8
11.0,4x2,Automático,110,Gasolina,1.6,4.0,Combustión,109,No,Renault,11
9.0,4x2,Manual,164,Gasolina,2.5,5.0,Combustión,167,No,Ford,5
6.0,4x2,Automático,381,Estándar,5.7,6.0,Combustión,401,No,Toyota,14
17.0,4x2,Manual,100,Gasolina,1.6,5.0,Combustión,105,No,Volkswagen,8
16.0,4x2,Manual,140,Gasolina,1.8,5.0,Combustión,129,No,Chevrolet,10
17.0,4x2,Manual,107,Gasolina,1.6,5.0,Combustión,104,No,Chevrolet,3
17.0,4x2,Manual,100,Gasolina,1.6,5.0,Combustión,105,No,Volkswagen,6
14.0,4x2,Manual,100,Gasolina,1.6,5.0,Combustión,105,No,Volkswagen,9
14.0,4x2,Manual,105,Estándar,1.6,5.0,Combustión,107,No,Renault,7
